ctime,schemaname,relname,seq_scan,seq_tup_read,idx_scan,idx_tup_fetch,n_tup_ins,n_tup_upd,n_tup_del,n_tup_hot_upd,n_live_tup,n_dead_tup,heap_blks_read,heap_blks_hit,idx_blks_read,idx_blks_hit,toast_blks_read,toast_blks_hit,tidx_blks_read,tidx_blks_hit
1416324001.96416,pg_catalog,pg_auth_members,0,0,0,0,0,0,0,0,0,0,0,0,0,0,,,,
1416324001.96416,pg_catalog,pg_operator,0,0,359343,1605393,0,0,0,0,0,0,62116,1087873,47221,755087,,,,
1416324001.96416,pg_catalog,pg_aggregate,0,0,24298,24298,0,0,0,0,0,0,4789,19509,9681,33483,,,,
1416324001.96416,pg_catalog,pg_pltemplate,0,0,0,0,0,0,0,0,0,0,0,0,0,0,,,,
1416324001.96416,public,region,0,0,,,0,0,0,0,0,0,0,0,,,,,,
1416324001.96416,pg_toast,pg_toast_12188,0,0,0,0,0,0,0,0,0,0,0,0,0,0,,,,
1416324001.96416,pg_catalog,pg_description,0,0,6174,0,0,0,0,0,0,0,0,0,2114,11582,0,0,0,0
1416324001.96416,pg_catalog,pg_language,0,0,0,0,0,0,0,0,0,0,0,0,0,0,,,,
1416324001.96416,pg_catalog,pg_ts_parser,0,0,0,0,0,0,0,0,0,0,0,0,0,0,,,,
1416324001.96416,public,orders,0,0,,,0,0,0,0,0,0,0,0,,,,,,
1416324001.96416,pg_catalog,pg_shseclabel,0,0,0,0,0,0,0,0,0,0,0,0,0,0,,,,
1416324001.96416,pg_catalog,pg_foreign_table,0,0,0,0,0,0,0,0,0,0,0,0,0,0,,,,
1416324001.96416,public,lineitem,0,0,,,0,0,0,0,0,0,0,0,,,,,,
1416324001.96416,information_schema,sql_packages,0,0,,,0,0,0,0,0,0,0,0,,,0,0,0,0
1416324001.96416,information_schema,sql_parts,0,0,,,0,0,0,0,0,0,0,0,,,0,0,0,0
1416324001.96416,pg_catalog,pg_attrdef,0,0,0,0,0,0,0,0,0,0,0,0,0,0,0,0,0,0
1416324001.96416,pg_catalog,pg_ts_template,0,0,0,0,0,0,0,0,0,0,0,0,0,0,,,,
1416324001.96416,pg_catalog,pg_foreign_server,0,0,0,0,0,0,0,0,0,0,0,0,0,0,,,,
1416324001.96416,pg_catalog,pg_default_acl,0,0,5432,0,0,0,0,0,0,0,0,0,605,4827,,,,
1416324001.96416,pg_toast,pg_toast_12198,0,0,0,0,0,0,0,0,0,0,0,0,0,0,,,,
1416324001.96416,public,nation,0,0,,,0,0,0,0,0,0,0,0,,,,,,
1416324001.96416,pg_toast,pg_toast_12208,0,0,0,0,0,0,0,0,0,0,0,0,0,0,,,,
1416324001.96416,pg_catalog,pg_attribute,4741,31463,1370478,2748033,10081,322,9944,286,2381,598,104257,1373890,46044,2802664,,,,
1416324001.96416,pg_catalog,pg_statistic,0,0,322565,263312,2276,5597,2276,5059,503,81,45801,234175,21573,673929,23965,112901,2303,168865
1416324001.96416,pg_toast,pg_toast_12203,0,0,0,0,0,0,0,0,0,0,0,0,0,0,,,,
1416324001.96416,pg_toast,pg_toast_2618,0,0,15884,51574,0,0,0,0,0,0,11062,16686,4203,19721,,,,
1416324001.96416,pg_toast,pg_toast_3596,0,0,0,0,0,0,0,0,0,0,0,0,0,0,,,,
1416324001.96416,public,customer,0,0,,,0,0,0,0,0,0,0,0,,,,,,
1416324001.96416,pg_catalog,pg_depend,0,0,56922,61223,10412,0,10379,0,6233,1049,10272,72519,16854,145533,,,,
1416324001.96416,information_schema,sql_languages,0,0,,,0,0,0,0,0,0,0,0,,,0,0,0,0
1416324001.96416,pg_catalog,pg_opclass,862,862,290612,3142028,0,0,0,0,0,0,13384,1085930,26455,349755,,,,
1416324001.96416,pg_catalog,pg_proc,0,0,585978,862925,0,0,0,0,0,0,80857,588005,73033,1227301,0,0,0,0
1416324001.96416,information_schema,sql_implementation_info,0,0,,,0,0,0,0,0,0,0,0,,,0,0,0,0
1416324001.96416,pg_catalog,pg_trigger,0,0,0,0,0,0,0,0,0,0,0,0,0,0,0,0,0,0
1416324001.96416,pg_catalog,pg_am,60200,60200,0,0,0,0,0,0,0,0,7838,52362,0,0,,,,
1416324001.96416,pg_catalog,pg_largeobject_metadata,0,0,0,0,0,0,0,0,0,0,0,0,0,0,,,,
1416324001.96416,pg_catalog,pg_ts_config_map,0,0,0,0,0,0,0,0,0,0,0,0,0,0,,,,
1416324001.96416,pg_catalog,pg_type,0,0,1184696,1174869,2681,0,2662,0,349,105,25307,1161506,31999,2396191,,,,
1416324001.96416,pg_catalog,pg_shdepend,0,0,7574,1399,0,0,0,0,0,0,643,756,2728,7554,,,,
1416324001.96416,information_schema,sql_sizing,0,0,,,0,0,0,0,0,0,0,0,,,0,0,0,0
1416324001.96416,public,time_statistics,0,0,,,1,0,0,0,1,0,1,0,,,,,,
1416324001.96416,pg_catalog,pg_conversion,0,0,0,0,0,0,0,0,0,0,0,0,0,0,,,,
1416324001.96416,pg_catalog,pg_foreign_data_wrapper,0,0,0,0,0,0,0,0,0,0,0,0,0,0,,,,
1416324001.96416,pg_catalog,pg_opfamily,0,0,0,0,0,0,0,0,0,0,0,0,0,0,,,,
1416324001.96416,pg_catalog,pg_shdescription,0,0,0,0,0,0,0,0,0,0,0,0,0,0,0,0,0,0
1416324001.96416,pg_catalog,pg_tablespace,2,4,43767,43767,0,0,0,0,0,0,6245,37524,12524,75010,,,,
1416324001.96416,pg_catalog,pg_inherits,0,0,1348,0,0,0,0,0,0,0,0,0,658,690,,,,
1416324001.96416,pg_toast,pg_toast_2606,0,0,0,0,0,0,0,0,0,0,0,0,0,0,,,,
1416324001.96416,pg_toast,pg_toast_2964,0,0,0,0,0,0,0,0,0,0,0,0,0,0,,,,
1416324001.96416,pg_catalog,pg_database,10987,43186,244432,244430,1,0,0,0,1,0,8161,247257,36958,332385,,,,
1416324001.96416,pg_toast,pg_toast_2620,0,0,0,0,0,0,0,0,0,0,0,0,0,0,,,,
1416324001.96416,pg_toast,pg_toast_12213,0,0,0,0,0,0,0,0,0,0,0,0,0,0,,,,
1416324001.96416,pg_catalog,pg_amproc,862,1724,223482,332382,0,0,0,0,0,0,9987,210397,26761,479176,,,,
1416324001.96416,pg_catalog,pg_collation,0,0,0,0,0,0,0,0,0,0,0,0,0,0,,,,
1416324001.96416,pg_catalog,pg_constraint,0,0,516,258,258,0,258,0,2,34,148,1451,268,2586,0,0,0,0
1416324001.96416,pg_catalog,pg_range,0,0,9342,0,0,0,0,0,0,0,0,0,7575,11109,,,,
1416324001.96416,pg_catalog,pg_user_mapping,0,0,0,0,0,0,0,0,0,0,0,0,0,0,,,,
1416324001.96416,pg_catalog,pg_largeobject,0,0,0,0,0,0,0,0,0,0,0,0,0,0,,,,
1416324001.96416,pg_catalog,pg_namespace,8319,255184,660566,605140,40,0,0,0,40,0,6836,606724,18447,705372,,,,
1416324001.96416,pg_catalog,pg_authid,4176,4176,111530,111530,0,0,0,0,0,0,7024,108682,26142,196918,,,,
1416324001.96416,pg_toast,pg_toast_12193,0,0,0,0,0,0,0,0,0,0,0,0,0,0,,,,
1416324001.96416,pg_catalog,pg_index,18803,2164888,502815,717846,1227,0,1225,0,110,103,30464,718755,28612,572975,,,,
1416324001.96416,pg_catalog,pg_ts_dict,0,0,0,0,0,0,0,0,0,0,0,0,0,0,,,,
1416324001.96416,information_schema,sql_features,0,0,,,0,0,0,0,0,0,0,0,,,0,0,0,0
1416324001.96416,pg_catalog,pg_class,46407,11503179,1999768,1922598,2585,681,2573,659,298,65,74999,2300718,61284,4047425,,,,
1416324001.96416,pg_toast,pg_toast_12183,0,0,0,0,0,0,0,0,0,0,0,0,0,0,,,,
1416324001.96416,information_schema,sql_sizing_profiles,0,0,,,0,0,0,0,0,0,0,0,,,0,0,0,0
1416324001.96416,pg_toast,pg_toast_2396,0,0,0,0,0,0,0,0,0,0,0,0,0,0,,,,
1416324001.96416,pg_catalog,pg_enum,0,0,0,0,0,0,0,0,0,0,0,0,0,0,,,,
1416324001.96416,public,partsupp,0,0,,,0,0,0,0,0,0,0,0,,,,,,
1416324001.96416,pg_catalog,pg_db_role_setting,0,0,187554,0,0,0,0,0,0,0,0,0,8044,179510,0,0,0,0
1416324001.96416,pg_catalog,pg_seclabel,0,0,6174,0,0,0,0,0,0,0,0,0,659,5515,0,0,0,0
1416324001.96416,pg_toast,pg_toast_2609,0,0,0,0,0,0,0,0,0,0,0,0,0,0,,,,
1416324001.96416,public,supplier,0,0,,,0,0,0,0,0,0,0,0,,,,,,
1416324001.96416,pg_toast,pg_toast_1255,0,0,0,0,0,0,0,0,0,0,0,0,0,0,,,,
1416324001.96416,pg_catalog,pg_rewrite,0,0,31736,29693,681,0,681,0,106,70,13564,21488,5770,48528,11062,16686,4203,19721
1416324001.96416,pg_catalog,pg_ts_config,0,0,0,0,0,0,0,0,0,0,0,0,0,0,,,,
1416324001.96416,pg_catalog,pg_extension,0,0,0,0,0,0,0,0,0,0,0,0,0,0,,,,
1416324001.96416,pg_catalog,pg_amop,0,0,460062,646994,0,0,0,0,0,0,20978,626016,35930,956166,,,,
1416324001.96416,pg_catalog,pg_cast,0,0,1510536,405416,0,0,0,0,0,0,9153,396263,11583,1552852,,,,
1416324001.96416,public,part,0,0,,,0,0,0,0,0,0,0,0,,,,,,
1416324001.96416,pg_toast,pg_toast_2619,0,0,82424,271342,4009,0,3998,0,29,258,23965,112901,2303,168865,,,,
1416324001.96416,pg_toast,pg_toast_2604,0,0,0,0,0,0,0,0,0,0,0,0,0,0,,,,
1416324061.96583,pg_catalog,pg_auth_members,0,0,0,0,0,0,0,0,0,0,0,0,0,0,,,,
1416324061.96583,pg_catalog,pg_operator,0,0,359401,1605505,0,0,0,0,0,0,62127,1087956,47222,755222,,,,
1416324061.96583,pg_catalog,pg_aggregate,0,0,24299,24299,0,0,0,0,0,0,4790,19509,9683,33483,,,,
1416324061.96583,pg_catalog,pg_pltemplate,0,0,0,0,0,0,0,0,0,0,0,0,0,0,,,,
1416324061.96583,public,region,2,10,0,0,5,0,0,0,5,0,1,3,0,0,,,,
1416324061.96583,pg_toast,pg_toast_12188,0,0,0,0,0,0,0,0,0,0,0,0,0,0,,,,
1416324061.96583,pg_catalog,pg_description,0,0,6174,0,0,0,0,0,0,0,0,0,2114,11582,0,0,0,0
1416324061.96583,pg_catalog,pg_language,0,0,0,0,0,0,0,0,0,0,0,0,0,0,,,,
1416324061.96583,pg_catalog,pg_ts_parser,0,0,0,0,0,0,0,0,0,0,0,0,0,0,,,,
1416324061.96583,public,orders,0,0,,,15000000,0,0,0,15000000,0,253333,543656,,,,,,
1416324061.96583,pg_catalog,pg_shseclabel,0,0,0,0,0,0,0,0,0,0,0,0,0,0,,,,
1416324061.96583,pg_catalog,pg_foreign_table,0,0,0,0,0,0,0,0,0,0,0,0,0,0,,,,
1416324061.96583,public,lineitem,0,0,,,0,0,0,0,0,0,0,0,,,,,,
1416324061.96583,information_schema,sql_packages,0,0,,,0,0,0,0,0,0,0,0,,,0,0,0,0
1416324061.96583,information_schema,sql_parts,0,0,,,0,0,0,0,0,0,0,0,,,0,0,0,0
1416324061.96583,pg_catalog,pg_attrdef,0,0,0,0,0,0,0,0,0,0,0,0,0,0,0,0,0,0
1416324061.96583,pg_catalog,pg_ts_template,0,0,0,0,0,0,0,0,0,0,0,0,0,0,,,,
1416324061.96583,pg_catalog,pg_foreign_server,0,0,0,0,0,0,0,0,0,0,0,0,0,0,,,,
1416324061.96583,pg_catalog,pg_default_acl,0,0,5432,0,0,0,0,0,0,0,0,0,605,4827,,,,
1416324061.96583,pg_toast,pg_toast_12198,0,0,0,0,0,0,0,0,0,0,0,0,0,0,,,,
1416324061.96583,public,nation,2,50,0,0,25,0,0,0,25,0,1,3,0,0,,,,
1416324061.96583,pg_toast,pg_toast_12208,0,0,0,0,0,0,0,0,0,0,0,0,0,0,,,,
1416324061.96583,pg_catalog,pg_attribute,4752,31536,1371179,2749755,10106,329,9944,293,2406,7,104279,1374917,46073,2804263,,,,
1416324061.96583,pg_catalog,pg_statistic,0,0,322723,263426,2314,5692,2276,5152,541,137,45824,234434,21573,674337,24150,113282,2308,169300
1416324061.96583,pg_toast,pg_toast_12203,0,0,0,0,0,0,0,0,0,0,0,0,0,0,,,,
1416324061.96583,pg_toast,pg_toast_2618,0,0,15888,51587,0,0,0,0,0,0,11067,16688,4203,19727,,,,
1416324061.96583,pg_toast,pg_toast_3596,0,0,0,0,0,0,0,0,0,0,0,0,0,0,,,,
1416324061.96583,public,customer,6,9000000,0,0,1500000,0,0,0,1500000,0,68533,294857,0,0,,,,
1416324061.96583,pg_catalog,pg_depend,0,0,56992,61287,10446,0,10379,0,6267,1049,10277,72669,16860,145845,,,,
1416324061.96583,information_schema,sql_languages,0,0,,,0,0,0,0,0,0,0,0,,,0,0,0,0
1416324061.96583,pg_catalog,pg_opclass,864,864,290837,3145233,0,0,0,0,0,0,13384,1086792,26455,350049,,,,
1416324061.96583,pg_catalog,pg_proc,0,0,586068,863056,0,0,0,0,0,0,80871,588102,73039,1227497,0,0,0,0
1416324061.96583,information_schema,sql_implementation_info,0,0,,,0,0,0,0,0,0,0,0,,,0,0,0,0
1416324061.96583,pg_catalog,pg_trigger,0,0,0,0,0,0,0,0,0,0,0,0,0,0,0,0,0,0
1416324061.96583,pg_catalog,pg_am,60259,60259,0,0,0,0,0,0,0,0,7838,52421,0,0,,,,
1416324061.96583,pg_catalog,pg_largeobject_metadata,0,0,0,0,0,0,0,0,0,0,0,0,0,0,,,,
1416324061.96583,pg_catalog,pg_ts_config_map,0,0,0,0,0,0,0,0,0,0,0,0,0,0,,,,
1416324061.96583,pg_catalog,pg_type,0,0,1184930,1175103,2681,0,2662,0,349,105,25312,1161746,31999,2396697,,,,
1416324061.96583,pg_catalog,pg_shdepend,0,0,7574,1399,0,0,0,0,0,0,643,756,2728,7554,,,,
1416324061.96583,information_schema,sql_sizing,0,0,,,0,0,0,0,0,0,0,0,,,0,0,0,0
1416324061.96583,public,time_statistics,0,0,,,1,0,0,0,1,0,1,0,,,,,,
1416324061.96583,pg_catalog,pg_conversion,0,0,0,0,0,0,0,0,0,0,0,0,0,0,,,,
1416324061.96583,pg_catalog,pg_foreign_data_wrapper,0,0,0,0,0,0,0,0,0,0,0,0,0,0,,,,
1416324061.96583,pg_catalog,pg_opfamily,0,0,0,0,0,0,0,0,0,0,0,0,0,0,,,,
1416324061.96583,pg_catalog,pg_shdescription,0,0,0,0,0,0,0,0,0,0,0,0,0,0,0,0,0,0
1416324061.96583,pg_catalog,pg_tablespace,2,4,43772,43772,0,0,0,0,0,0,6245,37529,12524,75020,,,,
1416324061.96583,pg_catalog,pg_inherits,0,0,1348,0,0,0,0,0,0,0,0,0,658,690,,,,
1416324061.96583,pg_toast,pg_toast_2606,0,0,0,0,0,0,0,0,0,0,0,0,0,0,,,,
1416324061.96583,pg_toast,pg_toast_2964,0,0,0,0,0,0,0,0,0,0,0,0,0,0,,,,
1416324061.96583,pg_catalog,pg_database,10990,43198,244566,244564,1,0,0,0,1,0,8161,247394,36958,332605,,,,
1416324061.96583,pg_toast,pg_toast_2620,0,0,0,0,0,0,0,0,0,0,0,0,0,0,,,,
1416324061.96583,pg_toast,pg_toast_12213,0,0,0,0,0,0,0,0,0,0,0,0,0,0,,,,
1416324061.96583,pg_catalog,pg_amproc,864,1728,223630,332591,0,0,0,0,0,0,9987,210535,26761,479514,,,,
1416324061.96583,pg_catalog,pg_collation,0,0,0,0,0,0,0,0,0,0,0,0,0,0,,,,
1416324061.96583,pg_catalog,pg_constraint,0,0,522,258,264,0,258,0,8,34,151,1472,274,2634,0,0,0,0
1416324061.96583,pg_catalog,pg_range,0,0,9342,0,0,0,0,0,0,0,0,0,7575,11109,,,,
1416324061.96583,pg_catalog,pg_user_mapping,0,0,0,0,0,0,0,0,0,0,0,0,0,0,,,,
1416324061.96583,pg_catalog,pg_largeobject,0,0,0,0,0,0,0,0,0,0,0,0,0,0,,,,
1416324061.96583,pg_catalog,pg_namespace,8321,255276,660754,605293,40,0,0,0,40,0,6836,606879,18447,705597,,,,
1416324061.96583,pg_catalog,pg_authid,4177,4177,111613,111613,0,0,0,0,0,0,7024,108766,26142,197084,,,,
1416324061.96583,pg_toast,pg_toast_12193,0,0,0,0,0,0,0,0,0,0,0,0,0,0,,,,
1416324061.96583,pg_catalog,pg_index,18814,2165335,503150,718292,1244,0,1225,0,127,0,30468,719223,28612,573417,,,,
1416324061.96583,pg_catalog,pg_ts_dict,0,0,0,0,0,0,0,0,0,0,0,0,0,0,,,,
1416324061.96583,information_schema,sql_features,0,0,,,0,0,0,0,0,0,0,0,,,0,0,0,0
1416324061.96583,pg_catalog,pg_class,46431,11505985,2000604,1923370,2602,681,2573,659,315,65,75000,2301790,61284,4049245,,,,
1416324061.96583,pg_toast,pg_toast_12183,0,0,0,0,0,0,0,0,0,0,0,0,0,0,,,,
1416324061.96583,information_schema,sql_sizing_profiles,0,0,,,0,0,0,0,0,0,0,0,,,0,0,0,0
1416324061.96583,pg_toast,pg_toast_2396,0,0,0,0,0,0,0,0,0,0,0,0,0,0,,,,
1416324061.96583,pg_catalog,pg_enum,0,0,0,0,0,0,0,0,0,0,0,0,0,0,,,,
1416324061.96583,public,partsupp,3,24000000,0,0,8000000,0,0,0,8000000,0,340611,954509,0,0,,,,
1416324061.96583,pg_catalog,pg_db_role_setting,0,0,187683,0,0,0,0,0,0,0,0,0,8044,179639,0,0,0,0
1416324061.96583,pg_catalog,pg_seclabel,0,0,6174,0,0,0,0,0,0,0,0,0,659,5515,0,0,0,0
1416324061.96583,pg_toast,pg_toast_2609,0,0,0,0,0,0,0,0,0,0,0,0,0,0,,,,
1416324061.96583,public,supplier,4,400000,0,0,100000,0,0,0,100000,0,2312,15648,0,0,,,,
1416324061.96583,pg_toast,pg_toast_1255,0,0,0,0,0,0,0,0,0,0,0,0,0,0,,,,
1416324061.96583,pg_catalog,pg_rewrite,0,0,31743,29700,681,0,681,0,106,70,13569,21490,5770,48540,11067,16688,4203,19727
1416324061.96583,pg_catalog,pg_ts_config,0,0,0,0,0,0,0,0,0,0,0,0,0,0,,,,
1416324061.96583,pg_catalog,pg_extension,0,0,0,0,0,0,0,0,0,0,0,0,0,0,,,,
1416324061.96583,pg_catalog,pg_amop,0,0,460223,647170,0,0,0,0,0,0,20980,626190,35931,956509,,,,
1416324061.96583,pg_catalog,pg_cast,0,0,1511727,405657,0,0,0,0,0,0,9153,396504,11583,1554072,,,,
1416324061.96583,public,part,6,12000000,0,0,2000000,0,0,0,2000000,0,79007,327715,0,0,,,,
1416324061.96583,pg_toast,pg_toast_2619,0,0,82467,271364,4178,0,4006,0,190,8,24150,113282,2308,169300,,,,
1416324061.96583,pg_toast,pg_toast_2604,0,0,0,0,0,0,0,0,0,0,0,0,0,0,,,,
1416324121.97013,pg_catalog,pg_auth_members,0,0,0,0,0,0,0,0,0,0,0,0,0,0,,,,
1416324121.97013,pg_catalog,pg_operator,0,0,359423,1605527,0,0,0,0,0,0,62127,1087978,47222,755275,,,,
1416324121.97013,pg_catalog,pg_aggregate,0,0,24300,24300,0,0,0,0,0,0,4790,19510,9683,33485,,,,
1416324121.97013,pg_catalog,pg_pltemplate,0,0,0,0,0,0,0,0,0,0,0,0,0,0,,,,
1416324121.97013,public,region,2,10,0,0,5,0,0,0,5,0,1,3,0,0,,,,
1416324121.97013,pg_toast,pg_toast_12188,0,0,0,0,0,0,0,0,0,0,0,0,0,0,,,,
1416324121.97013,pg_catalog,pg_description,0,0,6174,0,0,0,0,0,0,0,0,0,2114,11582,0,0,0,0
1416324121.97013,pg_catalog,pg_language,0,0,0,0,0,0,0,0,0,0,0,0,0,0,,,,
1416324121.97013,pg_catalog,pg_ts_parser,0,0,0,0,0,0,0,0,0,0,0,0,0,0,,,,
1416324121.97013,public,orders,4,60000000,0,0,15000000,0,0,0,15000000,0,504554,1558780,0,0,,,,
1416324121.97013,pg_catalog,pg_shseclabel,0,0,0,0,0,0,0,0,0,0,0,0,0,0,,,,
1416324121.97013,pg_catalog,pg_foreign_table,0,0,0,0,0,0,0,0,0,0,0,0,0,0,,,,
1416324121.97013,public,lineitem,0,0,,,0,0,0,0,0,0,0,0,,,,,,
1416324121.97013,information_schema,sql_packages,0,0,,,0,0,0,0,0,0,0,0,,,0,0,0,0
1416324121.97013,information_schema,sql_parts,0,0,,,0,0,0,0,0,0,0,0,,,0,0,0,0
1416324121.97013,pg_catalog,pg_attrdef,0,0,0,0,0,0,0,0,0,0,0,0,0,0,0,0,0,0
1416324121.97013,pg_catalog,pg_ts_template,0,0,0,0,0,0,0,0,0,0,0,0,0,0,,,,
1416324121.97013,pg_catalog,pg_foreign_server,0,0,0,0,0,0,0,0,0,0,0,0,0,0,,,,
1416324121.97013,pg_catalog,pg_default_acl,0,0,5432,0,0,0,0,0,0,0,0,0,605,4827,,,,
1416324121.97013,pg_toast,pg_toast_12198,0,0,0,0,0,0,0,0,0,0,0,0,0,0,,,,
1416324121.97013,public,nation,2,50,0,0,25,0,0,0,25,0,1,3,0,0,,,,
1416324121.97013,pg_toast,pg_toast_12208,0,0,0,0,0,0,0,0,0,0,0,0,0,0,,,,
1416324121.97013,pg_catalog,pg_attribute,4752,31536,1371416,2750222,10111,330,9944,294,2411,8,104279,1375170,46073,2804765,,,,
1416324121.97013,pg_catalog,pg_statistic,0,0,322757,263445,2323,5692,2276,5152,550,137,45824,234465,21573,674429,24159,113332,2308,169404
1416324121.97013,pg_toast,pg_toast_12203,0,0,0,0,0,0,0,0,0,0,0,0,0,0,,,,
1416324121.97013,pg_toast,pg_toast_2618,0,0,15892,51600,0,0,0,0,0,0,11067,16695,4203,19733,,,,
1416324121.97013,pg_toast,pg_toast_3596,0,0,0,0,0,0,0,0,0,0,0,0,0,0,,,,
1416324121.97013,public,customer,6,9000000,0,0,1500000,0,0,0,1500000,0,68533,294857,0,0,,,,
1416324121.97013,pg_catalog,pg_depend,0,0,57003,61297,10452,0,10379,0,6273,1049,10277,72694,16860,145897,,,,
1416324121.97013,information_schema,sql_languages,0,0,,,0,0,0,0,0,0,0,0,,,0,0,0,0
1416324121.97013,pg_catalog,pg_opclass,864,864,290881,3145833,0,0,0,0,0,0,13384,1086955,26455,350105,,,,
1416324121.97013,pg_catalog,pg_proc,0,0,586144,863167,0,0,0,0,0,0,80871,588193,73039,1227664,0,0,0,0
1416324121.97013,information_schema,sql_implementation_info,0,0,,,0,0,0,0,0,0,0,0,,,0,0,0,0
1416324121.97013,pg_catalog,pg_trigger,0,0,0,0,0,0,0,0,0,0,0,0,0,0,0,0,0,0
1416324121.97013,pg_catalog,pg_am,60267,60267,0,0,0,0,0,0,0,0,7838,52429,0,0,,,,
1416324121.97013,pg_catalog,pg_largeobject_metadata,0,0,0,0,0,0,0,0,0,0,0,0,0,0,,,,
1416324121.97013,pg_catalog,pg_ts_config_map,0,0,0,0,0,0,0,0,0,0,0,0,0,0,,,,
1416324121.97013,pg_catalog,pg_type,0,0,1185031,1175204,2681,0,2662,0,349,105,25312,1161847,31999,2396908,,,,
1416324121.97013,pg_catalog,pg_shdepend,0,0,7574,1399,0,0,0,0,0,0,643,756,2728,7554,,,,
1416324121.97013,information_schema,sql_sizing,0,0,,,0,0,0,0,0,0,0,0,,,0,0,0,0
1416324121.97013,public,time_statistics,0,0,,,1,0,0,0,1,0,1,0,,,,,,
1416324121.97013,pg_catalog,pg_conversion,0,0,0,0,0,0,0,0,0,0,0,0,0,0,,,,
1416324121.97013,pg_catalog,pg_foreign_data_wrapper,0,0,0,0,0,0,0,0,0,0,0,0,0,0,,,,
1416324121.97013,pg_catalog,pg_opfamily,0,0,0,0,0,0,0,0,0,0,0,0,0,0,,,,
1416324121.97013,pg_catalog,pg_shdescription,0,0,0,0,0,0,0,0,0,0,0,0,0,0,0,0,0,0
1416324121.97013,pg_catalog,pg_tablespace,2,4,43777,43777,0,0,0,0,0,0,6245,37534,12524,75030,,,,
1416324121.97013,pg_catalog,pg_inherits,0,0,1348,0,0,0,0,0,0,0,0,0,658,690,,,,
1416324121.97013,pg_toast,pg_toast_2606,0,0,0,0,0,0,0,0,0,0,0,0,0,0,,,,
1416324121.97013,pg_toast,pg_toast_2964,0,0,0,0,0,0,0,0,0,0,0,0,0,0,,,,
1416324121.97013,pg_catalog,pg_database,10993,43210,244595,244593,1,0,0,0,1,0,8161,247426,36958,332646,,,,
1416324121.97013,pg_toast,pg_toast_2620,0,0,0,0,0,0,0,0,0,0,0,0,0,0,,,,
1416324121.97013,pg_toast,pg_toast_12213,0,0,0,0,0,0,0,0,0,0,0,0,0,0,,,,
1416324121.97013,pg_catalog,pg_amproc,864,1728,223660,332635,0,0,0,0,0,0,9987,210563,26761,479579,,,,
1416324121.97013,pg_catalog,pg_collation,0,0,0,0,0,0,0,0,0,0,0,0,0,0,,,,
1416324121.97013,pg_catalog,pg_constraint,0,0,523,258,265,0,258,0,9,34,151,1476,274,2643,0,0,0,0
1416324121.97013,pg_catalog,pg_range,0,0,9342,0,0,0,0,0,0,0,0,0,7575,11109,,,,
1416324121.97013,pg_catalog,pg_user_mapping,0,0,0,0,0,0,0,0,0,0,0,0,0,0,,,,
1416324121.97013,pg_catalog,pg_largeobject,0,0,0,0,0,0,0,0,0,0,0,0,0,0,,,,
1416324121.97013,pg_catalog,pg_namespace,8323,255368,660905,605435,40,0,0,0,40,0,6836,607023,18447,705759,,,,
1416324121.97013,pg_catalog,pg_authid,4178,4178,111621,111621,0,0,0,0,0,0,7024,108775,26142,197100,,,,
1416324121.97013,pg_toast,pg_toast_12193,0,0,0,0,0,0,0,0,0,0,0,0,0,0,,,,
1416324121.97013,pg_catalog,pg_index,18818,2165843,503221,718391,1247,0,1225,0,130,0,30468,719329,28612,573508,,,,
1416324121.97013,pg_catalog,pg_ts_dict,0,0,0,0,0,0,0,0,0,0,0,0,0,0,,,,
1416324121.97013,information_schema,sql_features,0,0,,,0,0,0,0,0,0,0,0,,,0,0,0,0
1416324121.97013,pg_catalog,pg_class,46442,11508905,2000979,1923735,2605,681,2573,659,318,65,75000,2302288,61284,4050022,,,,
1416324121.97013,pg_toast,pg_toast_12183,0,0,0,0,0,0,0,0,0,0,0,0,0,0,,,,
1416324121.97013,information_schema,sql_sizing_profiles,0,0,,,0,0,0,0,0,0,0,0,,,0,0,0,0
1416324121.97013,pg_toast,pg_toast_2396,0,0,0,0,0,0,0,0,0,0,0,0,0,0,,,,
1416324121.97013,pg_catalog,pg_enum,0,0,0,0,0,0,0,0,0,0,0,0,0,0,,,,
1416324121.97013,public,partsupp,3,24000000,0,0,8000000,0,0,0,8000000,0,340611,954509,0,0,,,,
1416324121.97013,pg_catalog,pg_db_role_setting,0,0,187701,0,0,0,0,0,0,0,0,0,8044,179657,0,0,0,0
1416324121.97013,pg_catalog,pg_seclabel,0,0,6174,0,0,0,0,0,0,0,0,0,659,5515,0,0,0,0
1416324121.97013,pg_toast,pg_toast_2609,0,0,0,0,0,0,0,0,0,0,0,0,0,0,,,,
1416324121.97013,public,supplier,4,400000,0,0,100000,0,0,0,100000,0,2312,15648,0,0,,,,
1416324121.97013,pg_toast,pg_toast_1255,0,0,0,0,0,0,0,0,0,0,0,0,0,0,,,,
1416324121.97013,pg_catalog,pg_rewrite,0,0,31750,29707,681,0,681,0,106,70,13569,21497,5770,48552,11067,16695,4203,19733
1416324121.97013,pg_catalog,pg_ts_config,0,0,0,0,0,0,0,0,0,0,0,0,0,0,,,,
1416324121.97013,pg_catalog,pg_extension,0,0,0,0,0,0,0,0,0,0,0,0,0,0,,,,
1416324121.97013,pg_catalog,pg_amop,0,0,460276,647232,0,0,0,0,0,0,20980,626252,35931,956625,,,,
1416324121.97013,pg_catalog,pg_cast,0,0,1511917,405717,0,0,0,0,0,0,9153,396564,11583,1554271,,,,
1416324121.97013,public,part,6,12000000,0,0,2000000,0,0,0,2000000,0,79007,327715,0,0,,,,
1416324121.97013,pg_toast,pg_toast_2619,0,0,82480,271370,4215,0,4006,0,227,8,24159,113332,2308,169404,,,,
1416324121.97013,pg_toast,pg_toast_2604,0,0,0,0,0,0,0,0,0,0,0,0,0,0,,,,
1416324181.97018,pg_catalog,pg_auth_members,0,0,0,0,0,0,0,0,0,0,0,0,0,0,,,,
1416324181.97018,pg_catalog,pg_operator,0,0,359440,1605544,0,0,0,0,0,0,62127,1087995,47222,755317,,,,
1416324181.97018,pg_catalog,pg_aggregate,0,0,24301,24301,0,0,0,0,0,0,4790,19511,9683,33487,,,,
1416324181.97018,pg_catalog,pg_pltemplate,0,0,0,0,0,0,0,0,0,0,0,0,0,0,,,,
1416324181.97018,public,region,2,10,0,0,5,0,0,0,5,0,1,3,0,0,,,,
1416324181.97018,pg_toast,pg_toast_12188,0,0,0,0,0,0,0,0,0,0,0,0,0,0,,,,
1416324181.97018,pg_catalog,pg_description,0,0,6174,0,0,0,0,0,0,0,0,0,2114,11582,0,0,0,0
1416324181.97018,pg_catalog,pg_language,0,0,0,0,0,0,0,0,0,0,0,0,0,0,,,,
1416324181.97018,pg_catalog,pg_ts_parser,0,0,0,0,0,0,0,0,0,0,0,0,0,0,,,,
1416324181.97018,public,orders,4,60000000,0,0,15000000,0,0,0,15000000,0,504554,1558780,0,0,,,,
1416324181.97018,pg_catalog,pg_shseclabel,0,0,0,0,0,0,0,0,0,0,0,0,0,0,,,,
1416324181.97018,pg_catalog,pg_foreign_table,0,0,0,0,0,0,0,0,0,0,0,0,0,0,,,,
1416324181.97018,public,lineitem,0,0,,,0,0,0,0,0,0,0,0,,,,,,
1416324181.97018,information_schema,sql_packages,0,0,,,0,0,0,0,0,0,0,0,,,0,0,0,0
1416324181.97018,information_schema,sql_parts,0,0,,,0,0,0,0,0,0,0,0,,,0,0,0,0
1416324181.97018,pg_catalog,pg_attrdef,0,0,0,0,0,0,0,0,0,0,0,0,0,0,0,0,0,0
1416324181.97018,pg_catalog,pg_ts_template,0,0,0,0,0,0,0,0,0,0,0,0,0,0,,,,
1416324181.97018,pg_catalog,pg_foreign_server,0,0,0,0,0,0,0,0,0,0,0,0,0,0,,,,
1416324181.97018,pg_catalog,pg_default_acl,0,0,5432,0,0,0,0,0,0,0,0,0,605,4827,,,,
1416324181.97018,pg_toast,pg_toast_12198,0,0,0,0,0,0,0,0,0,0,0,0,0,0,,,,
1416324181.97018,public,nation,2,50,0,0,25,0,0,0,25,0,1,3,0,0,,,,
1416324181.97018,pg_toast,pg_toast_12208,0,0,0,0,0,0,0,0,0,0,0,0,0,0,,,,
1416324181.97018,pg_catalog,pg_attribute,4752,31536,1371611,2750546,10111,330,9944,294,2411,8,104279,1375366,46073,2805163,,,,
1416324181.97018,pg_catalog,pg_statistic,0,0,322782,263464,2323,5692,2276,5152,550,137,45824,234484,21573,674484,24159,113335,2308,169413
1416324181.97018,pg_toast,pg_toast_12203,0,0,0,0,0,0,0,0,0,0,0,0,0,0,,,,
1416324181.97018,pg_toast,pg_toast_2618,0,0,15896,51613,0,0,0,0,0,0,11067,16702,4203,19739,,,,
1416324181.97018,pg_toast,pg_toast_3596,0,0,0,0,0,0,0,0,0,0,0,0,0,0,,,,
1416324181.97018,public,customer,6,9000000,0,0,1500000,0,0,0,1500000,0,68533,294857,0,0,,,,
1416324181.97018,pg_catalog,pg_depend,0,0,57003,61297,10452,0,10379,0,6273,1049,10277,72694,16860,145897,,,,
1416324181.97018,information_schema,sql_languages,0,0,,,0,0,0,0,0,0,0,0,,,0,0,0,0
1416324181.97018,pg_catalog,pg_opclass,864,864,290900,3146008,0,0,0,0,0,0,13384,1087013,26455,350135,,,,
1416324181.97018,pg_catalog,pg_proc,0,0,586220,863278,0,0,0,0,0,0,80871,588284,73039,1227831,0,0,0,0
1416324181.97018,information_schema,sql_implementation_info,0,0,,,0,0,0,0,0,0,0,0,,,0,0,0,0
1416324181.97018,pg_catalog,pg_trigger,0,0,0,0,0,0,0,0,0,0,0,0,0,0,0,0,0,0
1416324181.97018,pg_catalog,pg_am,60275,60275,0,0,0,0,0,0,0,0,7838,52437,0,0,,,,
1416324181.97018,pg_catalog,pg_largeobject_metadata,0,0,0,0,0,0,0,0,0,0,0,0,0,0,,,,
1416324181.97018,pg_catalog,pg_ts_config_map,0,0,0,0,0,0,0,0,0,0,0,0,0,0,,,,
1416324181.97018,pg_catalog,pg_type,0,0,1185121,1175294,2681,0,2662,0,349,105,25312,1161937,31999,2397093,,,,
1416324181.97018,pg_catalog,pg_shdepend,0,0,7574,1399,0,0,0,0,0,0,643,756,2728,7554,,,,
1416324181.97018,information_schema,sql_sizing,0,0,,,0,0,0,0,0,0,0,0,,,0,0,0,0
1416324181.97018,public,time_statistics,0,0,,,1,0,0,0,1,0,1,0,,,,,,
1416324181.97018,pg_catalog,pg_conversion,0,0,0,0,0,0,0,0,0,0,0,0,0,0,,,,
1416324181.97018,pg_catalog,pg_foreign_data_wrapper,0,0,0,0,0,0,0,0,0,0,0,0,0,0,,,,
1416324181.97018,pg_catalog,pg_opfamily,0,0,0,0,0,0,0,0,0,0,0,0,0,0,,,,
1416324181.97018,pg_catalog,pg_shdescription,0,0,0,0,0,0,0,0,0,0,0,0,0,0,0,0,0,0
1416324181.97018,pg_catalog,pg_tablespace,2,4,43782,43782,0,0,0,0,0,0,6245,37539,12524,75040,,,,
1416324181.97018,pg_catalog,pg_inherits,0,0,1348,0,0,0,0,0,0,0,0,0,658,690,,,,
1416324181.97018,pg_toast,pg_toast_2606,0,0,0,0,0,0,0,0,0,0,0,0,0,0,,,,
1416324181.97018,pg_toast,pg_toast_2964,0,0,0,0,0,0,0,0,0,0,0,0,0,0,,,,
1416324181.97018,pg_catalog,pg_database,10996,43222,244629,244627,1,0,0,0,1,0,8161,247463,36958,332698,,,,
1416324181.97018,pg_toast,pg_toast_2620,0,0,0,0,0,0,0,0,0,0,0,0,0,0,,,,
1416324181.97018,pg_toast,pg_toast_12213,0,0,0,0,0,0,0,0,0,0,0,0,0,0,,,,
1416324181.97018,pg_catalog,pg_amproc,864,1728,223678,332664,0,0,0,0,0,0,9987,210581,26761,479623,,,,
1416324181.97018,pg_catalog,pg_collation,0,0,0,0,0,0,0,0,0,0,0,0,0,0,,,,
1416324181.97018,pg_catalog,pg_constraint,0,0,523,258,265,0,258,0,9,34,151,1476,274,2643,0,0,0,0
1416324181.97018,pg_catalog,pg_range,0,0,9342,0,0,0,0,0,0,0,0,0,7575,11109,,,,
1416324181.97018,pg_catalog,pg_user_mapping,0,0,0,0,0,0,0,0,0,0,0,0,0,0,,,,
1416324181.97018,pg_catalog,pg_largeobject,0,0,0,0,0,0,0,0,0,0,0,0,0,0,,,,
1416324181.97018,pg_catalog,pg_namespace,8325,255460,661050,605575,40,0,0,0,40,0,6836,607165,18447,705910,,,,
1416324181.97018,pg_catalog,pg_authid,4179,4179,111635,111635,0,0,0,0,0,0,7024,108790,26142,197128,,,,
1416324181.97018,pg_toast,pg_toast_12193,0,0,0,0,0,0,0,0,0,0,0,0,0,0,,,,
1416324181.97018,pg_catalog,pg_index,18822,2166363,503257,718437,1247,0,1225,0,130,0,30468,719385,28612,573557,,,,
1416324181.97018,pg_catalog,pg_ts_dict,0,0,0,0,0,0,0,0,0,0,0,0,0,0,,,,
1416324181.97018,information_schema,sql_features,0,0,,,0,0,0,0,0,0,0,0,,,0,0,0,0
1416324181.97018,pg_catalog,pg_class,46453,11511850,2001302,1924058,2605,681,2573,659,318,65,75000,2302722,61284,4050682,,,,
1416324181.97018,pg_toast,pg_toast_12183,0,0,0,0,0,0,0,0,0,0,0,0,0,0,,,,
1416324181.97018,information_schema,sql_sizing_profiles,0,0,,,0,0,0,0,0,0,0,0,,,0,0,0,0
1416324181.97018,pg_toast,pg_toast_2396,0,0,0,0,0,0,0,0,0,0,0,0,0,0,,,,
1416324181.97018,pg_catalog,pg_enum,0,0,0,0,0,0,0,0,0,0,0,0,0,0,,,,
1416324181.97018,public,partsupp,3,24000000,0,0,8000000,0,0,0,8000000,0,340611,954509,0,0,,,,
1416324181.97018,pg_catalog,pg_db_role_setting,0,0,187728,0,0,0,0,0,0,0,0,0,8044,179684,0,0,0,0
1416324181.97018,pg_catalog,pg_seclabel,0,0,6174,0,0,0,0,0,0,0,0,0,659,5515,0,0,0,0
1416324181.97018,pg_toast,pg_toast_2609,0,0,0,0,0,0,0,0,0,0,0,0,0,0,,,,
1416324181.97018,public,supplier,4,400000,0,0,100000,0,0,0,100000,0,2312,15648,0,0,,,,
1416324181.97018,pg_toast,pg_toast_1255,0,0,0,0,0,0,0,0,0,0,0,0,0,0,,,,
1416324181.97018,pg_catalog,pg_rewrite,0,0,31757,29714,681,0,681,0,106,70,13569,21504,5770,48564,11067,16702,4203,19739
1416324181.97018,pg_catalog,pg_ts_config,0,0,0,0,0,0,0,0,0,0,0,0,0,0,,,,
1416324181.97018,pg_catalog,pg_extension,0,0,0,0,0,0,0,0,0,0,0,0,0,0,,,,
1416324181.97018,pg_catalog,pg_amop,0,0,460309,647273,0,0,0,0,0,0,20980,626293,35931,956699,,,,
1416324181.97018,pg_catalog,pg_cast,0,0,1511985,405745,0,0,0,0,0,0,9153,396592,11583,1554344,,,,
1416324181.97018,public,part,6,12000000,0,0,2000000,0,0,0,2000000,0,79007,327715,0,0,,,,
1416324181.97018,pg_toast,pg_toast_2619,0,0,82483,271376,4215,0,4006,0,227,8,24159,113335,2308,169413,,,,
1416324181.97018,pg_toast,pg_toast_2604,0,0,0,0,0,0,0,0,0,0,0,0,0,0,,,,
1416324241.9743,pg_catalog,pg_auth_members,0,0,0,0,0,0,0,0,0,0,0,0,0,0,,,,
1416324241.9743,pg_catalog,pg_operator,0,0,359457,1605561,0,0,0,0,0,0,62127,1088012,47222,755359,,,,
1416324241.9743,pg_catalog,pg_aggregate,0,0,24302,24302,0,0,0,0,0,0,4790,19512,9683,33489,,,,
1416324241.9743,pg_catalog,pg_pltemplate,0,0,0,0,0,0,0,0,0,0,0,0,0,0,,,,
1416324241.9743,public,region,2,10,0,0,5,0,0,0,5,0,1,3,0,0,,,,
1416324241.9743,pg_toast,pg_toast_12188,0,0,0,0,0,0,0,0,0,0,0,0,0,0,,,,
1416324241.9743,pg_catalog,pg_description,0,0,6174,0,0,0,0,0,0,0,0,0,2114,11582,0,0,0,0
1416324241.9743,pg_catalog,pg_language,0,0,0,0,0,0,0,0,0,0,0,0,0,0,,,,
1416324241.9743,pg_catalog,pg_ts_parser,0,0,0,0,0,0,0,0,0,0,0,0,0,0,,,,
1416324241.9743,public,orders,4,60000000,0,0,15000000,0,0,0,15000000,0,504554,1558780,0,0,,,,
1416324241.9743,pg_catalog,pg_shseclabel,0,0,0,0,0,0,0,0,0,0,0,0,0,0,,,,
1416324241.9743,pg_catalog,pg_foreign_table,0,0,0,0,0,0,0,0,0,0,0,0,0,0,,,,
1416324241.9743,public,lineitem,0,0,,,0,0,0,0,0,0,0,0,,,,,,
1416324241.9743,information_schema,sql_packages,0,0,,,0,0,0,0,0,0,0,0,,,0,0,0,0
1416324241.9743,information_schema,sql_parts,0,0,,,0,0,0,0,0,0,0,0,,,0,0,0,0
1416324241.9743,pg_catalog,pg_attrdef,0,0,0,0,0,0,0,0,0,0,0,0,0,0,0,0,0,0
1416324241.9743,pg_catalog,pg_ts_template,0,0,0,0,0,0,0,0,0,0,0,0,0,0,,,,
1416324241.9743,pg_catalog,pg_foreign_server,0,0,0,0,0,0,0,0,0,0,0,0,0,0,,,,
1416324241.9743,pg_catalog,pg_default_acl,0,0,5432,0,0,0,0,0,0,0,0,0,605,4827,,,,
1416324241.9743,pg_toast,pg_toast_12198,0,0,0,0,0,0,0,0,0,0,0,0,0,0,,,,
1416324241.9743,public,nation,2,50,0,0,25,0,0,0,25,0,1,3,0,0,,,,
1416324241.9743,pg_toast,pg_toast_12208,0,0,0,0,0,0,0,0,0,0,0,0,0,0,,,,
1416324241.9743,pg_catalog,pg_attribute,4752,31536,1371798,2750850,10111,330,9944,294,2411,8,104279,1375554,46073,2805541,,,,
1416324241.9743,pg_catalog,pg_statistic,0,0,322807,263483,2323,5692,2276,5152,550,137,45824,234503,21573,674539,24159,113338,2308,169422
1416324241.9743,pg_toast,pg_toast_12203,0,0,0,0,0,0,0,0,0,0,0,0,0,0,,,,
1416324241.9743,pg_toast,pg_toast_2618,0,0,15900,51626,0,0,0,0,0,0,11067,16709,4203,19745,,,,
1416324241.9743,pg_toast,pg_toast_3596,0,0,0,0,0,0,0,0,0,0,0,0,0,0,,,,
1416324241.9743,public,customer,6,9000000,0,0,1500000,0,0,0,1500000,0,68533,294857,0,0,,,,
1416324241.9743,pg_catalog,pg_depend,0,0,57003,61297,10452,0,10379,0,6273,1049,10277,72694,16860,145897,,,,
1416324241.9743,information_schema,sql_languages,0,0,,,0,0,0,0,0,0,0,0,,,0,0,0,0
1416324241.9743,pg_catalog,pg_opclass,864,864,290915,3146179,0,0,0,0,0,0,13384,1087067,26455,350157,,,,
1416324241.9743,pg_catalog,pg_proc,0,0,586296,863389,0,0,0,0,0,0,80871,588375,73039,1227998,0,0,0,0
1416324241.9743,information_schema,sql_implementation_info,0,0,,,0,0,0,0,0,0,0,0,,,0,0,0,0
1416324241.9743,pg_catalog,pg_trigger,0,0,0,0,0,0,0,0,0,0,0,0,0,0,0,0,0,0
1416324241.9743,pg_catalog,pg_am,60279,60279,0,0,0,0,0,0,0,0,7838,52441,0,0,,,,
1416324241.9743,pg_catalog,pg_largeobject_metadata,0,0,0,0,0,0,0,0,0,0,0,0,0,0,,,,
1416324241.9743,pg_catalog,pg_ts_config_map,0,0,0,0,0,0,0,0,0,0,0,0,0,0,,,,
1416324241.9743,pg_catalog,pg_type,0,0,1185211,1175384,2681,0,2662,0,349,105,25312,1162027,31999,2397278,,,,
1416324241.9743,pg_catalog,pg_shdepend,0,0,7574,1399,0,0,0,0,0,0,643,756,2728,7554,,,,
1416324241.9743,information_schema,sql_sizing,0,0,,,0,0,0,0,0,0,0,0,,,0,0,0,0
1416324241.9743,public,time_statistics,0,0,,,1,0,0,0,1,0,1,0,,,,,,
1416324241.9743,pg_catalog,pg_conversion,0,0,0,0,0,0,0,0,0,0,0,0,0,0,,,,
1416324241.9743,pg_catalog,pg_foreign_data_wrapper,0,0,0,0,0,0,0,0,0,0,0,0,0,0,,,,
1416324241.9743,pg_catalog,pg_opfamily,0,0,0,0,0,0,0,0,0,0,0,0,0,0,,,,
1416324241.9743,pg_catalog,pg_shdescription,0,0,0,0,0,0,0,0,0,0,0,0,0,0,0,0,0,0
1416324241.9743,pg_catalog,pg_tablespace,2,4,43787,43787,0,0,0,0,0,0,6245,37544,12524,75050,,,,
1416324241.9743,pg_catalog,pg_inherits,0,0,1348,0,0,0,0,0,0,0,0,0,658,690,,,,
1416324241.9743,pg_toast,pg_toast_2606,0,0,0,0,0,0,0,0,0,0,0,0,0,0,,,,
1416324241.9743,pg_toast,pg_toast_2964,0,0,0,0,0,0,0,0,0,0,0,0,0,0,,,,
1416324241.9743,pg_catalog,pg_database,10999,43234,244652,244650,1,0,0,0,1,0,8161,247489,36958,332731,,,,
1416324241.9743,pg_toast,pg_toast_2620,0,0,0,0,0,0,0,0,0,0,0,0,0,0,,,,
1416324241.9743,pg_toast,pg_toast_12213,0,0,0,0,0,0,0,0,0,0,0,0,0,0,,,,
1416324241.9743,pg_catalog,pg_amproc,864,1728,223692,332685,0,0,0,0,0,0,9987,210595,26761,479655,,,,
1416324241.9743,pg_catalog,pg_collation,0,0,0,0,0,0,0,0,0,0,0,0,0,0,,,,
1416324241.9743,pg_catalog,pg_constraint,0,0,523,258,265,0,258,0,9,34,151,1476,274,2643,0,0,0,0
1416324241.9743,pg_catalog,pg_range,0,0,9342,0,0,0,0,0,0,0,0,0,7575,11109,,,,
1416324241.9743,pg_catalog,pg_user_mapping,0,0,0,0,0,0,0,0,0,0,0,0,0,0,,,,
1416324241.9743,pg_catalog,pg_largeobject,0,0,0,0,0,0,0,0,0,0,0,0,0,0,,,,
1416324241.9743,pg_catalog,pg_namespace,8327,255552,661195,605715,40,0,0,0,40,0,6836,607307,18447,706061,,,,
1416324241.9743,pg_catalog,pg_authid,4180,4180,111641,111641,0,0,0,0,0,0,7024,108797,26142,197140,,,,
1416324241.9743,pg_toast,pg_toast_12193,0,0,0,0,0,0,0,0,0,0,0,0,0,0,,,,
1416324241.9743,pg_catalog,pg_index,18826,2166883,503289,718479,1247,0,1225,0,130,0,30468,719437,28612,573598,,,,
1416324241.9743,pg_catalog,pg_ts_dict,0,0,0,0,0,0,0,0,0,0,0,0,0,0,,,,
1416324241.9743,information_schema,sql_features,0,0,,,0,0,0,0,0,0,0,0,,,0,0,0,0
1416324241.9743,pg_catalog,pg_class,46464,11514795,2001617,1924373,2605,681,2573,659,318,65,75000,2303148,61284,4051322,,,,
1416324241.9743,pg_toast,pg_toast_12183,0,0,0,0,0,0,0,0,0,0,0,0,0,0,,,,
1416324241.9743,information_schema,sql_sizing_profiles,0,0,,,0,0,0,0,0,0,0,0,,,0,0,0,0
1416324241.9743,pg_toast,pg_toast_2396,0,0,0,0,0,0,0,0,0,0,0,0,0,0,,,,
1416324241.9743,pg_catalog,pg_enum,0,0,0,0,0,0,0,0,0,0,0,0,0,0,,,,
1416324241.9743,public,partsupp,3,24000000,0,0,8000000,0,0,0,8000000,0,340611,954509,0,0,,,,
1416324241.9743,pg_catalog,pg_db_role_setting,0,0,187743,0,0,0,0,0,0,0,0,0,8044,179699,0,0,0,0
1416324241.9743,pg_catalog,pg_seclabel,0,0,6174,0,0,0,0,0,0,0,0,0,659,5515,0,0,0,0
1416324241.9743,pg_toast,pg_toast_2609,0,0,0,0,0,0,0,0,0,0,0,0,0,0,,,,
1416324241.9743,public,supplier,4,400000,0,0,100000,0,0,0,100000,0,2312,15648,0,0,,,,
1416324241.9743,pg_toast,pg_toast_1255,0,0,0,0,0,0,0,0,0,0,0,0,0,0,,,,
1416324241.9743,pg_catalog,pg_rewrite,0,0,31764,29721,681,0,681,0,106,70,13569,21511,5770,48576,11067,16709,4203,19745
1416324241.9743,pg_catalog,pg_ts_config,0,0,0,0,0,0,0,0,0,0,0,0,0,0,,,,
1416324241.9743,pg_catalog,pg_extension,0,0,0,0,0,0,0,0,0,0,0,0,0,0,,,,
1416324241.9743,pg_catalog,pg_amop,0,0,460342,647314,0,0,0,0,0,0,20980,626334,35931,956773,,,,
1416324241.9743,pg_catalog,pg_cast,0,0,1512053,405773,0,0,0,0,0,0,9153,396620,11583,1554417,,,,
1416324241.9743,public,part,6,12000000,0,0,2000000,0,0,0,2000000,0,79007,327715,0,0,,,,
1416324241.9743,pg_toast,pg_toast_2619,0,0,82486,271382,4215,0,4006,0,227,8,24159,113338,2308,169422,,,,
1416324241.9743,pg_toast,pg_toast_2604,0,0,0,0,0,0,0,0,0,0,0,0,0,0,,,,
1416324301.97686,pg_catalog,pg_auth_members,0,0,0,0,0,0,0,0,0,0,0,0,0,0,,,,
1416324301.97686,pg_catalog,pg_operator,0,0,359474,1605578,0,0,0,0,0,0,62127,1088029,47222,755401,,,,
1416324301.97686,pg_catalog,pg_aggregate,0,0,24303,24303,0,0,0,0,0,0,4790,19513,9683,33491,,,,
1416324301.97686,pg_catalog,pg_pltemplate,0,0,0,0,0,0,0,0,0,0,0,0,0,0,,,,
1416324301.97686,public,region,2,10,0,0,5,0,0,0,5,0,1,3,0,0,,,,
1416324301.97686,pg_toast,pg_toast_12188,0,0,0,0,0,0,0,0,0,0,0,0,0,0,,,,
1416324301.97686,pg_catalog,pg_description,0,0,6174,0,0,0,0,0,0,0,0,0,2114,11582,0,0,0,0
1416324301.97686,pg_catalog,pg_language,0,0,0,0,0,0,0,0,0,0,0,0,0,0,,,,
1416324301.97686,pg_catalog,pg_ts_parser,0,0,0,0,0,0,0,0,0,0,0,0,0,0,,,,
1416324301.97686,public,orders,4,60000000,0,0,15000000,0,0,0,15000000,0,504554,1558780,0,0,,,,
1416324301.97686,pg_catalog,pg_shseclabel,0,0,0,0,0,0,0,0,0,0,0,0,0,0,,,,
1416324301.97686,pg_catalog,pg_foreign_table,0,0,0,0,0,0,0,0,0,0,0,0,0,0,,,,
1416324301.97686,public,lineitem,0,0,,,0,0,0,0,0,0,0,0,,,,,,
1416324301.97686,information_schema,sql_packages,0,0,,,0,0,0,0,0,0,0,0,,,0,0,0,0
1416324301.97686,information_schema,sql_parts,0,0,,,0,0,0,0,0,0,0,0,,,0,0,0,0
1416324301.97686,pg_catalog,pg_attrdef,0,0,0,0,0,0,0,0,0,0,0,0,0,0,0,0,0,0
1416324301.97686,pg_catalog,pg_ts_template,0,0,0,0,0,0,0,0,0,0,0,0,0,0,,,,
1416324301.97686,pg_catalog,pg_foreign_server,0,0,0,0,0,0,0,0,0,0,0,0,0,0,,,,
1416324301.97686,pg_catalog,pg_default_acl,0,0,5432,0,0,0,0,0,0,0,0,0,605,4827,,,,
1416324301.97686,pg_toast,pg_toast_12198,0,0,0,0,0,0,0,0,0,0,0,0,0,0,,,,
1416324301.97686,public,nation,2,50,0,0,25,0,0,0,25,0,1,3,0,0,,,,
1416324301.97686,pg_toast,pg_toast_12208,0,0,0,0,0,0,0,0,0,0,0,0,0,0,,,,
1416324301.97686,pg_catalog,pg_attribute,4752,31536,1371989,2751164,10111,330,9944,294,2411,8,104279,1375746,46073,2805929,,,,
1416324301.97686,pg_catalog,pg_statistic,0,0,322832,263502,2323,5692,2276,5152,550,137,45824,234522,21573,674594,24159,113341,2308,169431
1416324301.97686,pg_toast,pg_toast_12203,0,0,0,0,0,0,0,0,0,0,0,0,0,0,,,,
1416324301.97686,pg_toast,pg_toast_2618,0,0,15904,51639,0,0,0,0,0,0,11067,16716,4203,19751,,,,
1416324301.97686,pg_toast,pg_toast_3596,0,0,0,0,0,0,0,0,0,0,0,0,0,0,,,,
1416324301.97686,public,customer,6,9000000,0,0,1500000,0,0,0,1500000,0,68533,294857,0,0,,,,
1416324301.97686,pg_catalog,pg_depend,0,0,57003,61297,10452,0,10379,0,6273,1049,10277,72694,16860,145897,,,,
1416324301.97686,information_schema,sql_languages,0,0,,,0,0,0,0,0,0,0,0,,,0,0,0,0
1416324301.97686,pg_catalog,pg_opclass,864,864,290932,3146352,0,0,0,0,0,0,13384,1087123,26455,350183,,,,
1416324301.97686,pg_catalog,pg_proc,0,0,586372,863500,0,0,0,0,0,0,80871,588466,73039,1228165,0,0,0,0
1416324301.97686,information_schema,sql_implementation_info,0,0,,,0,0,0,0,0,0,0,0,,,0,0,0,0
1416324301.97686,pg_catalog,pg_trigger,0,0,0,0,0,0,0,0,0,0,0,0,0,0,0,0,0,0
1416324301.97686,pg_catalog,pg_am,60285,60285,0,0,0,0,0,0,0,0,7838,52447,0,0,,,,
1416324301.97686,pg_catalog,pg_largeobject_metadata,0,0,0,0,0,0,0,0,0,0,0,0,0,0,,,,
1416324301.97686,pg_catalog,pg_ts_config_map,0,0,0,0,0,0,0,0,0,0,0,0,0,0,,,,
1416324301.97686,pg_catalog,pg_type,0,0,1185301,1175474,2681,0,2662,0,349,105,25312,1162117,31999,2397463,,,,
1416324301.97686,pg_catalog,pg_shdepend,0,0,7574,1399,0,0,0,0,0,0,643,756,2728,7554,,,,
1416324301.97686,information_schema,sql_sizing,0,0,,,0,0,0,0,0,0,0,0,,,0,0,0,0
1416324301.97686,public,time_statistics,0,0,,,1,0,0,0,1,0,1,0,,,,,,
1416324301.97686,pg_catalog,pg_conversion,0,0,0,0,0,0,0,0,0,0,0,0,0,0,,,,
1416324301.97686,pg_catalog,pg_foreign_data_wrapper,0,0,0,0,0,0,0,0,0,0,0,0,0,0,,,,
1416324301.97686,pg_catalog,pg_opfamily,0,0,0,0,0,0,0,0,0,0,0,0,0,0,,,,
1416324301.97686,pg_catalog,pg_shdescription,0,0,0,0,0,0,0,0,0,0,0,0,0,0,0,0,0,0
1416324301.97686,pg_catalog,pg_tablespace,2,4,43792,43792,0,0,0,0,0,0,6245,37549,12524,75060,,,,
1416324301.97686,pg_catalog,pg_inherits,0,0,1348,0,0,0,0,0,0,0,0,0,658,690,,,,
1416324301.97686,pg_toast,pg_toast_2606,0,0,0,0,0,0,0,0,0,0,0,0,0,0,,,,
1416324301.97686,pg_toast,pg_toast_2964,0,0,0,0,0,0,0,0,0,0,0,0,0,0,,,,
1416324301.97686,pg_catalog,pg_database,11002,43246,244680,244678,1,0,0,0,1,0,8161,247520,36958,332773,,,,
1416324301.97686,pg_toast,pg_toast_2620,0,0,0,0,0,0,0,0,0,0,0,0,0,0,,,,
1416324301.97686,pg_toast,pg_toast_12213,0,0,0,0,0,0,0,0,0,0,0,0,0,0,,,,
1416324301.97686,pg_catalog,pg_amproc,864,1728,223708,332710,0,0,0,0,0,0,9987,210611,26761,479693,,,,
1416324301.97686,pg_catalog,pg_collation,0,0,0,0,0,0,0,0,0,0,0,0,0,0,,,,
1416324301.97686,pg_catalog,pg_constraint,0,0,523,258,265,0,258,0,9,34,151,1476,274,2643,0,0,0,0
1416324301.97686,pg_catalog,pg_range,0,0,9342,0,0,0,0,0,0,0,0,0,7575,11109,,,,
1416324301.97686,pg_catalog,pg_user_mapping,0,0,0,0,0,0,0,0,0,0,0,0,0,0,,,,
1416324301.97686,pg_catalog,pg_largeobject,0,0,0,0,0,0,0,0,0,0,0,0,0,0,,,,
1416324301.97686,pg_catalog,pg_namespace,8329,255644,661340,605855,40,0,0,0,40,0,6836,607449,18447,706212,,,,
1416324301.97686,pg_catalog,pg_authid,4181,4181,111651,111651,0,0,0,0,0,0,7024,108808,26142,197160,,,,
1416324301.97686,pg_toast,pg_toast_12193,0,0,0,0,0,0,0,0,0,0,0,0,0,0,,,,
1416324301.97686,pg_catalog,pg_index,18830,2167403,503323,718523,1247,0,1225,0,130,0,30468,719491,28612,573643,,,,
1416324301.97686,pg_catalog,pg_ts_dict,0,0,0,0,0,0,0,0,0,0,0,0,0,0,,,,
1416324301.97686,information_schema,sql_features,0,0,,,0,0,0,0,0,0,0,0,,,0,0,0,0
1416324301.97686,pg_catalog,pg_class,46475,11517740,2001936,1924692,2605,681,2573,659,318,65,75000,2303578,61284,4051972,,,,
1416324301.97686,pg_toast,pg_toast_12183,0,0,0,0,0,0,0,0,0,0,0,0,0,0,,,,
1416324301.97686,information_schema,sql_sizing_profiles,0,0,,,0,0,0,0,0,0,0,0,,,0,0,0,0
1416324301.97686,pg_toast,pg_toast_2396,0,0,0,0,0,0,0,0,0,0,0,0,0,0,,,,
1416324301.97686,pg_catalog,pg_enum,0,0,0,0,0,0,0,0,0,0,0,0,0,0,,,,
1416324301.97686,public,partsupp,3,24000000,0,0,8000000,0,0,0,8000000,0,340611,954509,0,0,,,,
1416324301.97686,pg_catalog,pg_db_role_setting,0,0,187764,0,0,0,0,0,0,0,0,0,8044,179720,0,0,0,0
1416324301.97686,pg_catalog,pg_seclabel,0,0,6174,0,0,0,0,0,0,0,0,0,659,5515,0,0,0,0
1416324301.97686,pg_toast,pg_toast_2609,0,0,0,0,0,0,0,0,0,0,0,0,0,0,,,,
1416324301.97686,public,supplier,4,400000,0,0,100000,0,0,0,100000,0,2312,15648,0,0,,,,
1416324301.97686,pg_toast,pg_toast_1255,0,0,0,0,0,0,0,0,0,0,0,0,0,0,,,,
1416324301.97686,pg_catalog,pg_rewrite,0,0,31771,29728,681,0,681,0,106,70,13569,21518,5770,48588,11067,16716,4203,19751
1416324301.97686,pg_catalog,pg_ts_config,0,0,0,0,0,0,0,0,0,0,0,0,0,0,,,,
1416324301.97686,pg_catalog,pg_extension,0,0,0,0,0,0,0,0,0,0,0,0,0,0,,,,
1416324301.97686,pg_catalog,pg_amop,0,0,460375,647355,0,0,0,0,0,0,20980,626375,35931,956847,,,,
1416324301.97686,pg_catalog,pg_cast,0,0,1512121,405801,0,0,0,0,0,0,9153,396648,11583,1554490,,,,
1416324301.97686,public,part,6,12000000,0,0,2000000,0,0,0,2000000,0,79007,327715,0,0,,,,
1416324301.97686,pg_toast,pg_toast_2619,0,0,82489,271388,4215,0,4006,0,227,8,24159,113341,2308,169431,,,,
1416324301.97686,pg_toast,pg_toast_2604,0,0,0,0,0,0,0,0,0,0,0,0,0,0,,,,
1416324361.97688,pg_catalog,pg_auth_members,0,0,0,0,0,0,0,0,0,0,0,0,0,0,,,,
1416324361.97688,pg_catalog,pg_operator,0,0,359491,1605595,0,0,0,0,0,0,62127,1088046,47222,755443,,,,
1416324361.97688,pg_catalog,pg_aggregate,0,0,24304,24304,0,0,0,0,0,0,4790,19514,9683,33493,,,,
1416324361.97688,pg_catalog,pg_pltemplate,0,0,0,0,0,0,0,0,0,0,0,0,0,0,,,,
1416324361.97688,public,region,2,10,0,0,5,0,0,0,5,0,1,3,0,0,,,,
1416324361.97688,pg_toast,pg_toast_12188,0,0,0,0,0,0,0,0,0,0,0,0,0,0,,,,
1416324361.97688,pg_catalog,pg_description,0,0,6174,0,0,0,0,0,0,0,0,0,2114,11582,0,0,0,0
1416324361.97688,pg_catalog,pg_language,0,0,0,0,0,0,0,0,0,0,0,0,0,0,,,,
1416324361.97688,pg_catalog,pg_ts_parser,0,0,0,0,0,0,0,0,0,0,0,0,0,0,,,,
1416324361.97688,public,orders,4,60000000,0,0,15000000,0,0,0,15000000,0,504554,1558780,0,0,,,,
1416324361.97688,pg_catalog,pg_shseclabel,0,0,0,0,0,0,0,0,0,0,0,0,0,0,,,,
1416324361.97688,pg_catalog,pg_foreign_table,0,0,0,0,0,0,0,0,0,0,0,0,0,0,,,,
1416324361.97688,public,lineitem,0,0,,,59986052,0,0,0,59986052,0,1065680,2307885,,,,,,
1416324361.97688,information_schema,sql_packages,0,0,,,0,0,0,0,0,0,0,0,,,0,0,0,0
1416324361.97688,information_schema,sql_parts,0,0,,,0,0,0,0,0,0,0,0,,,0,0,0,0
1416324361.97688,pg_catalog,pg_attrdef,0,0,0,0,0,0,0,0,0,0,0,0,0,0,0,0,0,0
1416324361.97688,pg_catalog,pg_ts_template,0,0,0,0,0,0,0,0,0,0,0,0,0,0,,,,
1416324361.97688,pg_catalog,pg_foreign_server,0,0,0,0,0,0,0,0,0,0,0,0,0,0,,,,
1416324361.97688,pg_catalog,pg_default_acl,0,0,5432,0,0,0,0,0,0,0,0,0,605,4827,,,,
1416324361.97688,pg_toast,pg_toast_12198,0,0,0,0,0,0,0,0,0,0,0,0,0,0,,,,
1416324361.97688,public,nation,2,50,0,0,25,0,0,0,25,0,1,3,0,0,,,,
1416324361.97688,pg_toast,pg_toast_12208,0,0,0,0,0,0,0,0,0,0,0,0,0,0,,,,
1416324361.97688,pg_catalog,pg_attribute,4752,31536,1372199,2751539,10111,330,9944,294,2411,8,104279,1375957,46073,2806364,,,,
1416324361.97688,pg_catalog,pg_statistic,0,0,322857,263521,2323,5692,2276,5152,550,137,45824,234541,21573,674649,24159,113344,2308,169440
1416324361.97688,pg_toast,pg_toast_12203,0,0,0,0,0,0,0,0,0,0,0,0,0,0,,,,
1416324361.97688,pg_toast,pg_toast_2618,0,0,15908,51652,0,0,0,0,0,0,11067,16723,4203,19757,,,,
1416324361.97688,pg_toast,pg_toast_3596,0,0,0,0,0,0,0,0,0,0,0,0,0,0,,,,
1416324361.97688,public,customer,6,9000000,0,0,1500000,0,0,0,1500000,0,68533,294857,0,0,,,,
1416324361.97688,pg_catalog,pg_depend,0,0,57003,61297,10452,0,10379,0,6273,1049,10277,72694,16860,145897,,,,
1416324361.97688,information_schema,sql_languages,0,0,,,0,0,0,0,0,0,0,0,,,0,0,0,0
1416324361.97688,pg_catalog,pg_opclass,864,864,290958,3146534,0,0,0,0,0,0,13384,1087188,26455,350227,,,,
1416324361.97688,pg_catalog,pg_proc,0,0,586448,863611,0,0,0,0,0,0,80871,588557,73039,1228332,0,0,0,0
1416324361.97688,information_schema,sql_implementation_info,0,0,,,0,0,0,0,0,0,0,0,,,0,0,0,0
1416324361.97688,pg_catalog,pg_trigger,0,0,0,0,0,0,0,0,0,0,0,0,0,0,0,0,0,0
1416324361.97688,pg_catalog,pg_am,60300,60300,0,0,0,0,0,0,0,0,7838,52462,0,0,,,,
1416324361.97688,pg_catalog,pg_largeobject_metadata,0,0,0,0,0,0,0,0,0,0,0,0,0,0,,,,
1416324361.97688,pg_catalog,pg_ts_config_map,0,0,0,0,0,0,0,0,0,0,0,0,0,0,,,,
1416324361.97688,pg_catalog,pg_type,0,0,1185396,1175569,2681,0,2662,0,349,105,25312,1162212,31999,2397659,,,,
1416324361.97688,pg_catalog,pg_shdepend,0,0,7574,1399,0,0,0,0,0,0,643,756,2728,7554,,,,
1416324361.97688,information_schema,sql_sizing,0,0,,,0,0,0,0,0,0,0,0,,,0,0,0,0
1416324361.97688,public,time_statistics,0,0,,,1,0,0,0,1,0,1,0,,,,,,
1416324361.97688,pg_catalog,pg_conversion,0,0,0,0,0,0,0,0,0,0,0,0,0,0,,,,
1416324361.97688,pg_catalog,pg_foreign_data_wrapper,0,0,0,0,0,0,0,0,0,0,0,0,0,0,,,,
1416324361.97688,pg_catalog,pg_opfamily,0,0,0,0,0,0,0,0,0,0,0,0,0,0,,,,
1416324361.97688,pg_catalog,pg_shdescription,0,0,0,0,0,0,0,0,0,0,0,0,0,0,0,0,0,0
1416324361.97688,pg_catalog,pg_tablespace,2,4,43797,43797,0,0,0,0,0,0,6245,37554,12524,75070,,,,
1416324361.97688,pg_catalog,pg_inherits,0,0,1348,0,0,0,0,0,0,0,0,0,658,690,,,,
1416324361.97688,pg_toast,pg_toast_2606,0,0,0,0,0,0,0,0,0,0,0,0,0,0,,,,
1416324361.97688,pg_toast,pg_toast_2964,0,0,0,0,0,0,0,0,0,0,0,0,0,0,,,,
1416324361.97688,pg_catalog,pg_database,11005,43258,244735,244733,1,0,0,0,1,0,8161,247578,36958,332860,,,,
1416324361.97688,pg_toast,pg_toast_2620,0,0,0,0,0,0,0,0,0,0,0,0,0,0,,,,
1416324361.97688,pg_toast,pg_toast_12213,0,0,0,0,0,0,0,0,0,0,0,0,0,0,,,,
1416324361.97688,pg_catalog,pg_amproc,864,1728,223733,332753,0,0,0,0,0,0,9987,210636,26761,479758,,,,
1416324361.97688,pg_catalog,pg_collation,0,0,0,0,0,0,0,0,0,0,0,0,0,0,,,,
1416324361.97688,pg_catalog,pg_constraint,0,0,523,258,265,0,258,0,9,34,151,1476,274,2643,0,0,0,0
1416324361.97688,pg_catalog,pg_range,0,0,9342,0,0,0,0,0,0,0,0,0,7575,11109,,,,
1416324361.97688,pg_catalog,pg_user_mapping,0,0,0,0,0,0,0,0,0,0,0,0,0,0,,,,
1416324361.97688,pg_catalog,pg_largeobject,0,0,0,0,0,0,0,0,0,0,0,0,0,0,,,,
1416324361.97688,pg_catalog,pg_namespace,8331,255736,661488,605997,40,0,0,0,40,0,6836,607593,18447,706368,,,,
1416324361.97688,pg_catalog,pg_authid,4182,4182,111679,111679,0,0,0,0,0,0,7024,108837,26142,197216,,,,
1416324361.97688,pg_toast,pg_toast_12193,0,0,0,0,0,0,0,0,0,0,0,0,0,0,,,,
1416324361.97688,pg_catalog,pg_index,18834,2167923,503366,718576,1247,0,1225,0,130,0,30468,719554,28612,573706,,,,
1416324361.97688,pg_catalog,pg_ts_dict,0,0,0,0,0,0,0,0,0,0,0,0,0,0,,,,
1416324361.97688,information_schema,sql_features,0,0,,,0,0,0,0,0,0,0,0,,,0,0,0,0
1416324361.97688,pg_catalog,pg_class,46486,11520685,2002278,1925033,2605,681,2573,659,318,65,75000,2304030,61284,4052678,,,,
1416324361.97688,pg_toast,pg_toast_12183,0,0,0,0,0,0,0,0,0,0,0,0,0,0,,,,
1416324361.97688,information_schema,sql_sizing_profiles,0,0,,,0,0,0,0,0,0,0,0,,,0,0,0,0
1416324361.97688,pg_toast,pg_toast_2396,0,0,0,0,0,0,0,0,0,0,0,0,0,0,,,,
1416324361.97688,pg_catalog,pg_enum,0,0,0,0,0,0,0,0,0,0,0,0,0,0,,,,
1416324361.97688,public,partsupp,3,24000000,0,0,8000000,0,0,0,8000000,0,340611,954509,0,0,,,,
1416324361.97688,pg_catalog,pg_db_role_setting,0,0,187812,0,0,0,0,0,0,0,0,0,8044,179768,0,0,0,0
1416324361.97688,pg_catalog,pg_seclabel,0,0,6174,0,0,0,0,0,0,0,0,0,659,5515,0,0,0,0
1416324361.97688,pg_toast,pg_toast_2609,0,0,0,0,0,0,0,0,0,0,0,0,0,0,,,,
1416324361.97688,public,supplier,4,400000,0,0,100000,0,0,0,100000,0,2312,15648,0,0,,,,
1416324361.97688,pg_toast,pg_toast_1255,0,0,0,0,0,0,0,0,0,0,0,0,0,0,,,,
1416324361.97688,pg_catalog,pg_rewrite,0,0,31778,29735,681,0,681,0,106,70,13569,21525,5770,48600,11067,16723,4203,19757
1416324361.97688,pg_catalog,pg_ts_config,0,0,0,0,0,0,0,0,0,0,0,0,0,0,,,,
1416324361.97688,pg_catalog,pg_extension,0,0,0,0,0,0,0,0,0,0,0,0,0,0,,,,
1416324361.97688,pg_catalog,pg_amop,0,0,460408,647396,0,0,0,0,0,0,20980,626416,35931,956921,,,,
1416324361.97688,pg_catalog,pg_cast,0,0,1512189,405829,0,0,0,0,0,0,9153,396676,11583,1554563,,,,
1416324361.97688,public,part,6,12000000,0,0,2000000,0,0,0,2000000,0,79007,327715,0,0,,,,
1416324361.97688,pg_toast,pg_toast_2619,0,0,82492,271394,4215,0,4006,0,227,8,24159,113344,2308,169440,,,,
1416324361.97688,pg_toast,pg_toast_2604,0,0,0,0,0,0,0,0,0,0,0,0,0,0,,,,
1416324421.98185,pg_catalog,pg_auth_members,0,0,0,0,0,0,0,0,0,0,0,0,0,0,,,,
1416324421.98185,pg_catalog,pg_operator,0,0,359512,1605616,0,0,0,0,0,0,62127,1088067,47223,755496,,,,
1416324421.98185,pg_catalog,pg_aggregate,0,0,24305,24305,0,0,0,0,0,0,4790,19515,9683,33495,,,,
1416324421.98185,pg_catalog,pg_pltemplate,0,0,0,0,0,0,0,0,0,0,0,0,0,0,,,,
1416324421.98185,public,region,2,10,0,0,5,0,0,0,5,0,1,3,0,0,,,,
1416324421.98185,pg_toast,pg_toast_12188,0,0,0,0,0,0,0,0,0,0,0,0,0,0,,,,
1416324421.98185,pg_catalog,pg_description,0,0,6174,0,0,0,0,0,0,0,0,0,2114,11582,0,0,0,0
1416324421.98185,pg_catalog,pg_language,0,0,0,0,0,0,0,0,0,0,0,0,0,0,,,,
1416324421.98185,pg_catalog,pg_ts_parser,0,0,0,0,0,0,0,0,0,0,0,0,0,0,,,,
1416324421.98185,public,orders,4,60000000,0,0,15000000,0,0,0,15000000,0,504554,1558780,0,0,,,,
1416324421.98185,pg_catalog,pg_shseclabel,0,0,0,0,0,0,0,0,0,0,0,0,0,0,,,,
1416324421.98185,pg_catalog,pg_foreign_table,0,0,0,0,0,0,0,0,0,0,0,0,0,0,,,,
1416324421.98185,public,lineitem,2,119972104,0,0,59986052,0,0,0,59986052,0,2163011,3341388,0,0,,,,
1416324421.98185,information_schema,sql_packages,0,0,,,0,0,0,0,0,0,0,0,,,0,0,0,0
1416324421.98185,information_schema,sql_parts,0,0,,,0,0,0,0,0,0,0,0,,,0,0,0,0
1416324421.98185,pg_catalog,pg_attrdef,0,0,0,0,0,0,0,0,0,0,0,0,0,0,0,0,0,0
1416324421.98185,pg_catalog,pg_ts_template,0,0,0,0,0,0,0,0,0,0,0,0,0,0,,,,
1416324421.98185,pg_catalog,pg_foreign_server,0,0,0,0,0,0,0,0,0,0,0,0,0,0,,,,
1416324421.98185,pg_catalog,pg_default_acl,0,0,5432,0,0,0,0,0,0,0,0,0,605,4827,,,,
1416324421.98185,pg_toast,pg_toast_12198,0,0,0,0,0,0,0,0,0,0,0,0,0,0,,,,
1416324421.98185,public,nation,2,50,0,0,25,0,0,0,25,0,1,3,0,0,,,,
1416324421.98185,pg_toast,pg_toast_12208,0,0,0,0,0,0,0,0,0,0,0,0,0,0,,,,
1416324421.98185,pg_catalog,pg_attribute,4752,31536,1372407,2751959,10113,330,9944,294,2413,8,104279,1376174,46073,2806794,,,,
1416324421.98185,pg_catalog,pg_statistic,0,0,322882,263540,2323,5692,2276,5152,550,119,45824,234560,21573,674704,24159,113347,2308,169449
1416324421.98185,pg_toast,pg_toast_12203,0,0,0,0,0,0,0,0,0,0,0,0,0,0,,,,
1416324421.98185,pg_toast,pg_toast_2618,0,0,15912,51665,0,0,0,0,0,0,11067,16730,4203,19763,,,,
1416324421.98185,pg_toast,pg_toast_3596,0,0,0,0,0,0,0,0,0,0,0,0,0,0,,,,
1416324421.98185,public,customer,6,9000000,0,0,1500000,0,0,0,1500000,0,68533,294857,0,0,,,,
1416324421.98185,pg_catalog,pg_depend,0,0,57014,61308,10458,0,10379,0,6279,1049,10278,72716,16860,145947,,,,
1416324421.98185,information_schema,sql_languages,0,0,,,0,0,0,0,0,0,0,0,,,0,0,0,0
1416324421.98185,pg_catalog,pg_opclass,864,864,290979,3146791,0,0,0,0,0,0,13384,1087264,26455,350257,,,,
1416324421.98185,pg_catalog,pg_proc,0,0,586526,863724,0,0,0,0,0,0,80872,588649,73039,1228505,0,0,0,0
1416324421.98185,information_schema,sql_implementation_info,0,0,,,0,0,0,0,0,0,0,0,,,0,0,0,0
1416324421.98185,pg_catalog,pg_trigger,0,0,0,0,0,0,0,0,0,0,0,0,0,0,0,0,0,0
1416324421.98185,pg_catalog,pg_am,60306,60306,0,0,0,0,0,0,0,0,7838,52468,0,0,,,,
1416324421.98185,pg_catalog,pg_largeobject_metadata,0,0,0,0,0,0,0,0,0,0,0,0,0,0,,,,
1416324421.98185,pg_catalog,pg_ts_config_map,0,0,0,0,0,0,0,0,0,0,0,0,0,0,,,,
1416324421.98185,pg_catalog,pg_type,0,0,1185491,1175664,2681,0,2662,0,349,105,25312,1162307,31999,2397856,,,,
1416324421.98185,pg_catalog,pg_shdepend,0,0,7574,1399,0,0,0,0,0,0,643,756,2728,7554,,,,
1416324421.98185,information_schema,sql_sizing,0,0,,,0,0,0,0,0,0,0,0,,,0,0,0,0
1416324421.98185,public,time_statistics,0,0,,,1,0,0,0,1,0,1,0,,,,,,
1416324421.98185,pg_catalog,pg_conversion,0,0,0,0,0,0,0,0,0,0,0,0,0,0,,,,
1416324421.98185,pg_catalog,pg_foreign_data_wrapper,0,0,0,0,0,0,0,0,0,0,0,0,0,0,,,,
1416324421.98185,pg_catalog,pg_opfamily,0,0,0,0,0,0,0,0,0,0,0,0,0,0,,,,
1416324421.98185,pg_catalog,pg_shdescription,0,0,0,0,0,0,0,0,0,0,0,0,0,0,0,0,0,0
1416324421.98185,pg_catalog,pg_tablespace,2,4,43802,43802,0,0,0,0,0,0,6245,37559,12524,75080,,,,
1416324421.98185,pg_catalog,pg_inherits,0,0,1348,0,0,0,0,0,0,0,0,0,658,690,,,,
1416324421.98185,pg_toast,pg_toast_2606,0,0,0,0,0,0,0,0,0,0,0,0,0,0,,,,
1416324421.98185,pg_toast,pg_toast_2964,0,0,0,0,0,0,0,0,0,0,0,0,0,0,,,,
1416324421.98185,pg_catalog,pg_database,11008,43270,244765,244763,1,0,0,0,1,0,8161,247611,36958,332900,,,,
1416324421.98185,pg_toast,pg_toast_2620,0,0,0,0,0,0,0,0,0,0,0,0,0,0,,,,
1416324421.98185,pg_toast,pg_toast_12213,0,0,0,0,0,0,0,0,0,0,0,0,0,0,,,,
1416324421.98185,pg_catalog,pg_amproc,864,1728,223749,332778,0,0,0,0,0,0,9987,210652,26761,479794,,,,
1416324421.98185,pg_catalog,pg_collation,0,0,0,0,0,0,0,0,0,0,0,0,0,0,,,,
1416324421.98185,pg_catalog,pg_constraint,0,0,523,258,265,0,258,0,9,34,151,1476,274,2643,0,0,0,0
1416324421.98185,pg_catalog,pg_range,0,0,9342,0,0,0,0,0,0,0,0,0,7575,11109,,,,
1416324421.98185,pg_catalog,pg_user_mapping,0,0,0,0,0,0,0,0,0,0,0,0,0,0,,,,
1416324421.98185,pg_catalog,pg_largeobject,0,0,0,0,0,0,0,0,0,0,0,0,0,0,,,,
1416324421.98185,pg_catalog,pg_namespace,8333,255828,661638,606140,40,0,0,0,40,0,6836,607738,18447,706527,,,,
1416324421.98185,pg_catalog,pg_authid,4183,4183,111685,111685,0,0,0,0,0,0,7024,108844,26142,197228,,,,
1416324421.98185,pg_toast,pg_toast_12193,0,0,0,0,0,0,0,0,0,0,0,0,0,0,,,,
1416324421.98185,pg_catalog,pg_index,18838,2168443,503414,718642,1249,0,1225,0,132,0,30468,719630,28612,573769,,,,
1416324421.98185,pg_catalog,pg_ts_dict,0,0,0,0,0,0,0,0,0,0,0,0,0,0,,,,
1416324421.98185,information_schema,sql_features,0,0,,,0,0,0,0,0,0,0,0,,,0,0,0,0
1416324421.98185,pg_catalog,pg_class,46497,11523634,2002624,1925373,2607,681,2573,659,320,65,75000,2304494,61284,4053390,,,,
1416324421.98185,pg_toast,pg_toast_12183,0,0,0,0,0,0,0,0,0,0,0,0,0,0,,,,
1416324421.98185,information_schema,sql_sizing_profiles,0,0,,,0,0,0,0,0,0,0,0,,,0,0,0,0
1416324421.98185,pg_toast,pg_toast_2396,0,0,0,0,0,0,0,0,0,0,0,0,0,0,,,,
1416324421.98185,pg_catalog,pg_enum,0,0,0,0,0,0,0,0,0,0,0,0,0,0,,,,
1416324421.98185,public,partsupp,3,24000000,0,0,8000000,0,0,0,8000000,0,340611,954509,0,0,,,,
1416324421.98185,pg_catalog,pg_db_role_setting,0,0,187827,0,0,0,0,0,0,0,0,0,8044,179783,0,0,0,0
1416324421.98185,pg_catalog,pg_seclabel,0,0,6174,0,0,0,0,0,0,0,0,0,659,5515,0,0,0,0
1416324421.98185,pg_toast,pg_toast_2609,0,0,0,0,0,0,0,0,0,0,0,0,0,0,,,,
1416324421.98185,public,supplier,4,400000,0,0,100000,0,0,0,100000,0,2312,15648,0,0,,,,
1416324421.98185,pg_toast,pg_toast_1255,0,0,0,0,0,0,0,0,0,0,0,0,0,0,,,,
1416324421.98185,pg_catalog,pg_rewrite,0,0,31785,29742,681,0,681,0,106,70,13569,21532,5770,48612,11067,16730,4203,19763
1416324421.98185,pg_catalog,pg_ts_config,0,0,0,0,0,0,0,0,0,0,0,0,0,0,,,,
1416324421.98185,pg_catalog,pg_extension,0,0,0,0,0,0,0,0,0,0,0,0,0,0,,,,
1416324421.98185,pg_catalog,pg_amop,0,0,460441,647437,0,0,0,0,0,0,20980,626457,35931,956995,,,,
1416324421.98185,pg_catalog,pg_cast,0,0,1512283,405871,0,0,0,0,0,0,9153,396718,11583,1554664,,,,
1416324421.98185,public,part,6,12000000,0,0,2000000,0,0,0,2000000,0,79007,327715,0,0,,,,
1416324421.98185,pg_toast,pg_toast_2619,0,0,82495,271400,4215,0,4006,0,227,8,24159,113347,2308,169449,,,,
1416324421.98185,pg_toast,pg_toast_2604,0,0,0,0,0,0,0,0,0,0,0,0,0,0,,,,
1416324481.98139,pg_catalog,pg_auth_members,0,0,0,0,0,0,0,0,0,0,0,0,0,0,,,,
1416324481.98139,pg_catalog,pg_operator,0,0,359529,1605633,0,0,0,0,0,0,62127,1088084,47223,755538,,,,
1416324481.98139,pg_catalog,pg_aggregate,0,0,24306,24306,0,0,0,0,0,0,4790,19516,9683,33497,,,,
1416324481.98139,pg_catalog,pg_pltemplate,0,0,0,0,0,0,0,0,0,0,0,0,0,0,,,,
1416324481.98139,public,region,2,10,0,0,5,0,0,0,5,0,1,3,0,0,,,,
1416324481.98139,pg_toast,pg_toast_12188,0,0,0,0,0,0,0,0,0,0,0,0,0,0,,,,
1416324481.98139,pg_catalog,pg_description,0,0,6174,0,0,0,0,0,0,0,0,0,2114,11582,0,0,0,0
1416324481.98139,pg_catalog,pg_language,0,0,0,0,0,0,0,0,0,0,0,0,0,0,,,,
1416324481.98139,pg_catalog,pg_ts_parser,0,0,0,0,0,0,0,0,0,0,0,0,0,0,,,,
1416324481.98139,public,orders,4,60000000,0,0,15000000,0,0,0,15000000,0,504554,1558780,0,0,,,,
1416324481.98139,pg_catalog,pg_shseclabel,0,0,0,0,0,0,0,0,0,0,0,0,0,0,,,,
1416324481.98139,pg_catalog,pg_foreign_table,0,0,0,0,0,0,0,0,0,0,0,0,0,0,,,,
1416324481.98139,public,lineitem,4,239944208,0,0,59986052,0,0,0,59986052,0,4288069,3347164,0,0,,,,
1416324481.98139,information_schema,sql_packages,0,0,,,0,0,0,0,0,0,0,0,,,0,0,0,0
1416324481.98139,information_schema,sql_parts,0,0,,,0,0,0,0,0,0,0,0,,,0,0,0,0
1416324481.98139,pg_catalog,pg_attrdef,0,0,0,0,0,0,0,0,0,0,0,0,0,0,0,0,0,0
1416324481.98139,pg_catalog,pg_ts_template,0,0,0,0,0,0,0,0,0,0,0,0,0,0,,,,
1416324481.98139,pg_catalog,pg_foreign_server,0,0,0,0,0,0,0,0,0,0,0,0,0,0,,,,
1416324481.98139,pg_catalog,pg_default_acl,0,0,5432,0,0,0,0,0,0,0,0,0,605,4827,,,,
1416324481.98139,pg_toast,pg_toast_12198,0,0,0,0,0,0,0,0,0,0,0,0,0,0,,,,
1416324481.98139,public,nation,2,50,0,0,25,0,0,0,25,0,1,3,0,0,,,,
1416324481.98139,pg_toast,pg_toast_12208,0,0,0,0,0,0,0,0,0,0,0,0,0,0,,,,
1416324481.98139,pg_catalog,pg_attribute,4752,31536,1372620,2752376,10115,332,9944,296,2415,10,104279,1376395,46073,2807238,,,,
1416324481.98139,pg_catalog,pg_statistic,0,0,322907,263559,2323,5692,2276,5152,550,119,45824,234579,21573,674759,24159,113350,2308,169458
1416324481.98139,pg_toast,pg_toast_12203,0,0,0,0,0,0,0,0,0,0,0,0,0,0,,,,
1416324481.98139,pg_toast,pg_toast_2618,0,0,15916,51678,0,0,0,0,0,0,11067,16737,4203,19769,,,,
1416324481.98139,pg_toast,pg_toast_3596,0,0,0,0,0,0,0,0,0,0,0,0,0,0,,,,
1416324481.98139,public,customer,6,9000000,0,0,1500000,0,0,0,1500000,0,68533,294857,0,0,,,,
1416324481.98139,pg_catalog,pg_depend,0,0,57019,61312,10461,0,10379,0,6282,1049,10278,72726,16860,145971,,,,
1416324481.98139,information_schema,sql_languages,0,0,,,0,0,0,0,0,0,0,0,,,0,0,0,0
1416324481.98139,pg_catalog,pg_opclass,864,864,291004,3147052,0,0,0,0,0,0,13384,1087344,26455,350295,,,,
1416324481.98139,pg_catalog,pg_proc,0,0,586602,863835,0,0,0,0,0,0,80872,588740,73039,1228672,0,0,0,0
1416324481.98139,information_schema,sql_implementation_info,0,0,,,0,0,0,0,0,0,0,0,,,0,0,0,0
1416324481.98139,pg_catalog,pg_trigger,0,0,0,0,0,0,0,0,0,0,0,0,0,0,0,0,0,0
1416324481.98139,pg_catalog,pg_am,60316,60316,0,0,0,0,0,0,0,0,7838,52478,0,0,,,,
1416324481.98139,pg_catalog,pg_largeobject_metadata,0,0,0,0,0,0,0,0,0,0,0,0,0,0,,,,
1416324481.98139,pg_catalog,pg_ts_config_map,0,0,0,0,0,0,0,0,0,0,0,0,0,0,,,,
1416324481.98139,pg_catalog,pg_type,0,0,1185582,1175755,2681,0,2662,0,349,105,25312,1162398,31999,2398044,,,,
1416324481.98139,pg_catalog,pg_shdepend,0,0,7574,1399,0,0,0,0,0,0,643,756,2728,7554,,,,
1416324481.98139,information_schema,sql_sizing,0,0,,,0,0,0,0,0,0,0,0,,,0,0,0,0
1416324481.98139,public,time_statistics,0,0,,,1,0,0,0,1,0,1,0,,,,,,
1416324481.98139,pg_catalog,pg_conversion,0,0,0,0,0,0,0,0,0,0,0,0,0,0,,,,
1416324481.98139,pg_catalog,pg_foreign_data_wrapper,0,0,0,0,0,0,0,0,0,0,0,0,0,0,,,,
1416324481.98139,pg_catalog,pg_opfamily,0,0,0,0,0,0,0,0,0,0,0,0,0,0,,,,
1416324481.98139,pg_catalog,pg_shdescription,0,0,0,0,0,0,0,0,0,0,0,0,0,0,0,0,0,0
1416324481.98139,pg_catalog,pg_tablespace,2,4,43807,43807,0,0,0,0,0,0,6245,37564,12524,75090,,,,
1416324481.98139,pg_catalog,pg_inherits,0,0,1348,0,0,0,0,0,0,0,0,0,658,690,,,,
1416324481.98139,pg_toast,pg_toast_2606,0,0,0,0,0,0,0,0,0,0,0,0,0,0,,,,
1416324481.98139,pg_toast,pg_toast_2964,0,0,0,0,0,0,0,0,0,0,0,0,0,0,,,,
1416324481.98139,pg_catalog,pg_database,11011,43282,244808,244806,1,0,0,0,1,0,8161,247657,36958,332963,,,,
1416324481.98139,pg_toast,pg_toast_2620,0,0,0,0,0,0,0,0,0,0,0,0,0,0,,,,
1416324481.98139,pg_toast,pg_toast_12213,0,0,0,0,0,0,0,0,0,0,0,0,0,0,,,,
1416324481.98139,pg_catalog,pg_amproc,864,1728,223770,332813,0,0,0,0,0,0,9987,210673,26761,479845,,,,
1416324481.98139,pg_catalog,pg_collation,0,0,0,0,0,0,0,0,0,0,0,0,0,0,,,,
1416324481.98139,pg_catalog,pg_constraint,0,0,524,258,266,0,258,0,10,34,152,1489,274,2652,0,0,0,0
1416324481.98139,pg_catalog,pg_range,0,0,9342,0,0,0,0,0,0,0,0,0,7575,11109,,,,
1416324481.98139,pg_catalog,pg_user_mapping,0,0,0,0,0,0,0,0,0,0,0,0,0,0,,,,
1416324481.98139,pg_catalog,pg_largeobject,0,0,0,0,0,0,0,0,0,0,0,0,0,0,,,,
1416324481.98139,pg_catalog,pg_namespace,8335,255920,661788,606284,40,0,0,0,40,0,6836,607884,18447,706685,,,,
1416324481.98139,pg_catalog,pg_authid,4184,4184,111701,111701,0,0,0,0,0,0,7024,108861,26142,197260,,,,
1416324481.98139,pg_toast,pg_toast_12193,0,0,0,0,0,0,0,0,0,0,0,0,0,0,,,,
1416324481.98139,pg_catalog,pg_index,18842,2168971,503466,718712,1250,0,1225,0,133,0,30468,719707,28612,573838,,,,
1416324481.98139,pg_catalog,pg_ts_dict,0,0,0,0,0,0,0,0,0,0,0,0,0,0,,,,
1416324481.98139,information_schema,sql_features,0,0,,,0,0,0,0,0,0,0,0,,,0,0,0,0
1416324481.98139,pg_catalog,pg_class,46508,11526597,2002975,1925721,2608,681,2573,659,321,65,75000,2304960,61284,4054112,,,,
1416324481.98139,pg_toast,pg_toast_12183,0,0,0,0,0,0,0,0,0,0,0,0,0,0,,,,
1416324481.98139,information_schema,sql_sizing_profiles,0,0,,,0,0,0,0,0,0,0,0,,,0,0,0,0
1416324481.98139,pg_toast,pg_toast_2396,0,0,0,0,0,0,0,0,0,0,0,0,0,0,,,,
1416324481.98139,pg_catalog,pg_enum,0,0,0,0,0,0,0,0,0,0,0,0,0,0,,,,
1416324481.98139,public,partsupp,3,24000000,0,0,8000000,0,0,0,8000000,0,340611,954509,0,0,,,,
1416324481.98139,pg_catalog,pg_db_role_setting,0,0,187857,0,0,0,0,0,0,0,0,0,8044,179813,0,0,0,0
1416324481.98139,pg_catalog,pg_seclabel,0,0,6174,0,0,0,0,0,0,0,0,0,659,5515,0,0,0,0
1416324481.98139,pg_toast,pg_toast_2609,0,0,0,0,0,0,0,0,0,0,0,0,0,0,,,,
1416324481.98139,public,supplier,4,400000,0,0,100000,0,0,0,100000,0,2312,15648,0,0,,,,
1416324481.98139,pg_toast,pg_toast_1255,0,0,0,0,0,0,0,0,0,0,0,0,0,0,,,,
1416324481.98139,pg_catalog,pg_rewrite,0,0,31792,29749,681,0,681,0,106,70,13569,21539,5770,48624,11067,16737,4203,19769
1416324481.98139,pg_catalog,pg_ts_config,0,0,0,0,0,0,0,0,0,0,0,0,0,0,,,,
1416324481.98139,pg_catalog,pg_extension,0,0,0,0,0,0,0,0,0,0,0,0,0,0,,,,
1416324481.98139,pg_catalog,pg_amop,0,0,460474,647478,0,0,0,0,0,0,20980,626498,35931,957069,,,,
1416324481.98139,pg_catalog,pg_cast,0,0,1512364,405906,0,0,0,0,0,0,9153,396753,11583,1554751,,,,
1416324481.98139,public,part,6,12000000,0,0,2000000,0,0,0,2000000,0,79007,327715,0,0,,,,
1416324481.98139,pg_toast,pg_toast_2619,0,0,82498,271406,4215,0,4006,0,227,8,24159,113350,2308,169458,,,,
1416324481.98139,pg_toast,pg_toast_2604,0,0,0,0,0,0,0,0,0,0,0,0,0,0,,,,
1416324541.98296,pg_catalog,pg_auth_members,0,0,0,0,0,0,0,0,0,0,0,0,0,0,,,,
1416324541.98296,pg_catalog,pg_operator,0,0,359546,1605650,0,0,0,0,0,0,62127,1088101,47223,755580,,,,
1416324541.98296,pg_catalog,pg_aggregate,0,0,24307,24307,0,0,0,0,0,0,4790,19517,9683,33499,,,,
1416324541.98296,pg_catalog,pg_pltemplate,0,0,0,0,0,0,0,0,0,0,0,0,0,0,,,,
1416324541.98296,public,region,2,10,0,0,5,0,0,0,5,0,1,3,0,0,,,,
1416324541.98296,pg_toast,pg_toast_12188,0,0,0,0,0,0,0,0,0,0,0,0,0,0,,,,
1416324541.98296,pg_catalog,pg_description,0,0,6174,0,0,0,0,0,0,0,0,0,2114,11582,0,0,0,0
1416324541.98296,pg_catalog,pg_language,0,0,0,0,0,0,0,0,0,0,0,0,0,0,,,,
1416324541.98296,pg_catalog,pg_ts_parser,0,0,0,0,0,0,0,0,0,0,0,0,0,0,,,,
1416324541.98296,public,orders,4,60000000,0,0,15000000,0,0,0,15000000,0,504554,1558780,0,0,,,,
1416324541.98296,pg_catalog,pg_shseclabel,0,0,0,0,0,0,0,0,0,0,0,0,0,0,,,,
1416324541.98296,pg_catalog,pg_foreign_table,0,0,0,0,0,0,0,0,0,0,0,0,0,0,,,,
1416324541.98296,public,lineitem,4,239944208,0,0,59986052,0,0,0,59986052,0,4288069,3347164,0,0,,,,
1416324541.98296,information_schema,sql_packages,0,0,,,0,0,0,0,0,0,0,0,,,0,0,0,0
1416324541.98296,information_schema,sql_parts,0,0,,,0,0,0,0,0,0,0,0,,,0,0,0,0
1416324541.98296,pg_catalog,pg_attrdef,0,0,0,0,0,0,0,0,0,0,0,0,0,0,0,0,0,0
1416324541.98296,pg_catalog,pg_ts_template,0,0,0,0,0,0,0,0,0,0,0,0,0,0,,,,
1416324541.98296,pg_catalog,pg_foreign_server,0,0,0,0,0,0,0,0,0,0,0,0,0,0,,,,
1416324541.98296,pg_catalog,pg_default_acl,0,0,5432,0,0,0,0,0,0,0,0,0,605,4827,,,,
1416324541.98296,pg_toast,pg_toast_12198,0,0,0,0,0,0,0,0,0,0,0,0,0,0,,,,
1416324541.98296,public,nation,2,50,0,0,25,0,0,0,25,0,1,3,0,0,,,,
1416324541.98296,pg_toast,pg_toast_12208,0,0,0,0,0,0,0,0,0,0,0,0,0,0,,,,
1416324541.98296,pg_catalog,pg_attribute,4752,31536,1372811,2752690,10115,332,9944,296,2415,10,104279,1376587,46073,2807626,,,,
1416324541.98296,pg_catalog,pg_statistic,0,0,322932,263578,2323,5692,2276,5152,550,119,45824,234598,21573,674814,24159,113353,2308,169467
1416324541.98296,pg_toast,pg_toast_12203,0,0,0,0,0,0,0,0,0,0,0,0,0,0,,,,
1416324541.98296,pg_toast,pg_toast_2618,0,0,15920,51691,0,0,0,0,0,0,11067,16744,4203,19775,,,,
1416324541.98296,pg_toast,pg_toast_3596,0,0,0,0,0,0,0,0,0,0,0,0,0,0,,,,
1416324541.98296,public,customer,6,9000000,0,0,1500000,0,0,0,1500000,0,68533,294857,0,0,,,,
1416324541.98296,pg_catalog,pg_depend,0,0,57019,61312,10461,0,10379,0,6282,1049,10278,72726,16860,145971,,,,
1416324541.98296,information_schema,sql_languages,0,0,,,0,0,0,0,0,0,0,0,,,0,0,0,0
1416324541.98296,pg_catalog,pg_opclass,864,864,291021,3147225,0,0,0,0,0,0,13384,1087400,26455,350321,,,,
1416324541.98296,pg_catalog,pg_proc,0,0,586678,863946,0,0,0,0,0,0,80872,588831,73039,1228839,0,0,0,0
1416324541.98296,information_schema,sql_implementation_info,0,0,,,0,0,0,0,0,0,0,0,,,0,0,0,0
1416324541.98296,pg_catalog,pg_trigger,0,0,0,0,0,0,0,0,0,0,0,0,0,0,0,0,0,0
1416324541.98296,pg_catalog,pg_am,60322,60322,0,0,0,0,0,0,0,0,7838,52484,0,0,,,,
1416324541.98296,pg_catalog,pg_largeobject_metadata,0,0,0,0,0,0,0,0,0,0,0,0,0,0,,,,
1416324541.98296,pg_catalog,pg_ts_config_map,0,0,0,0,0,0,0,0,0,0,0,0,0,0,,,,
1416324541.98296,pg_catalog,pg_type,0,0,1185672,1175845,2681,0,2662,0,349,105,25312,1162488,31999,2398229,,,,
1416324541.98296,pg_catalog,pg_shdepend,0,0,7574,1399,0,0,0,0,0,0,643,756,2728,7554,,,,
1416324541.98296,information_schema,sql_sizing,0,0,,,0,0,0,0,0,0,0,0,,,0,0,0,0
1416324541.98296,public,time_statistics,0,0,,,1,0,0,0,1,0,1,0,,,,,,
1416324541.98296,pg_catalog,pg_conversion,0,0,0,0,0,0,0,0,0,0,0,0,0,0,,,,
1416324541.98296,pg_catalog,pg_foreign_data_wrapper,0,0,0,0,0,0,0,0,0,0,0,0,0,0,,,,
1416324541.98296,pg_catalog,pg_opfamily,0,0,0,0,0,0,0,0,0,0,0,0,0,0,,,,
1416324541.98296,pg_catalog,pg_shdescription,0,0,0,0,0,0,0,0,0,0,0,0,0,0,0,0,0,0
1416324541.98296,pg_catalog,pg_tablespace,2,4,43812,43812,0,0,0,0,0,0,6245,37569,12524,75100,,,,
1416324541.98296,pg_catalog,pg_inherits,0,0,1348,0,0,0,0,0,0,0,0,0,658,690,,,,
1416324541.98296,pg_toast,pg_toast_2606,0,0,0,0,0,0,0,0,0,0,0,0,0,0,,,,
1416324541.98296,pg_toast,pg_toast_2964,0,0,0,0,0,0,0,0,0,0,0,0,0,0,,,,
1416324541.98296,pg_catalog,pg_database,11014,43294,244841,244839,1,0,0,0,1,0,8161,247693,36958,333010,,,,
1416324541.98296,pg_toast,pg_toast_2620,0,0,0,0,0,0,0,0,0,0,0,0,0,0,,,,
1416324541.98296,pg_toast,pg_toast_12213,0,0,0,0,0,0,0,0,0,0,0,0,0,0,,,,
1416324541.98296,pg_catalog,pg_amproc,864,1728,223786,332838,0,0,0,0,0,0,9987,210689,26761,479883,,,,
1416324541.98296,pg_catalog,pg_collation,0,0,0,0,0,0,0,0,0,0,0,0,0,0,,,,
1416324541.98296,pg_catalog,pg_constraint,0,0,524,258,266,0,258,0,10,34,152,1489,274,2652,0,0,0,0
1416324541.98296,pg_catalog,pg_range,0,0,9342,0,0,0,0,0,0,0,0,0,7575,11109,,,,
1416324541.98296,pg_catalog,pg_user_mapping,0,0,0,0,0,0,0,0,0,0,0,0,0,0,,,,
1416324541.98296,pg_catalog,pg_largeobject,0,0,0,0,0,0,0,0,0,0,0,0,0,0,,,,
1416324541.98296,pg_catalog,pg_namespace,8337,256012,661937,606428,40,0,0,0,40,0,6836,608030,18447,706841,,,,
1416324541.98296,pg_catalog,pg_authid,4185,4185,111711,111711,0,0,0,0,0,0,7024,108872,26142,197280,,,,
1416324541.98296,pg_toast,pg_toast_12193,0,0,0,0,0,0,0,0,0,0,0,0,0,0,,,,
1416324541.98296,pg_catalog,pg_index,18846,2169503,503500,718756,1250,0,1225,0,133,0,30468,719761,28612,573883,,,,
1416324541.98296,pg_catalog,pg_ts_dict,0,0,0,0,0,0,0,0,0,0,0,0,0,0,,,,
1416324541.98296,information_schema,sql_features,0,0,,,0,0,0,0,0,0,0,0,,,0,0,0,0
1416324541.98296,pg_catalog,pg_class,46519,11529569,2003301,1926047,2608,681,2573,659,321,65,75000,2305397,61284,4054776,,,,
1416324541.98296,pg_toast,pg_toast_12183,0,0,0,0,0,0,0,0,0,0,0,0,0,0,,,,
1416324541.98296,information_schema,sql_sizing_profiles,0,0,,,0,0,0,0,0,0,0,0,,,0,0,0,0
1416324541.98296,pg_toast,pg_toast_2396,0,0,0,0,0,0,0,0,0,0,0,0,0,0,,,,
1416324541.98296,pg_catalog,pg_enum,0,0,0,0,0,0,0,0,0,0,0,0,0,0,,,,
1416324541.98296,public,partsupp,3,24000000,0,0,8000000,0,0,0,8000000,0,340611,954509,0,0,,,,
1416324541.98296,pg_catalog,pg_db_role_setting,0,0,187878,0,0,0,0,0,0,0,0,0,8044,179834,0,0,0,0
1416324541.98296,pg_catalog,pg_seclabel,0,0,6174,0,0,0,0,0,0,0,0,0,659,5515,0,0,0,0
1416324541.98296,pg_toast,pg_toast_2609,0,0,0,0,0,0,0,0,0,0,0,0,0,0,,,,
1416324541.98296,public,supplier,4,400000,0,0,100000,0,0,0,100000,0,2312,15648,0,0,,,,
1416324541.98296,pg_toast,pg_toast_1255,0,0,0,0,0,0,0,0,0,0,0,0,0,0,,,,
1416324541.98296,pg_catalog,pg_rewrite,0,0,31799,29756,681,0,681,0,106,70,13569,21546,5770,48636,11067,16744,4203,19775
1416324541.98296,pg_catalog,pg_ts_config,0,0,0,0,0,0,0,0,0,0,0,0,0,0,,,,
1416324541.98296,pg_catalog,pg_extension,0,0,0,0,0,0,0,0,0,0,0,0,0,0,,,,
1416324541.98296,pg_catalog,pg_amop,0,0,460507,647519,0,0,0,0,0,0,20980,626539,35931,957143,,,,
1416324541.98296,pg_catalog,pg_cast,0,0,1512432,405934,0,0,0,0,0,0,9153,396781,11583,1554824,,,,
1416324541.98296,public,part,6,12000000,0,0,2000000,0,0,0,2000000,0,79007,327715,0,0,,,,
1416324541.98296,pg_toast,pg_toast_2619,0,0,82501,271412,4215,0,4006,0,227,8,24159,113353,2308,169467,,,,
1416324541.98296,pg_toast,pg_toast_2604,0,0,0,0,0,0,0,0,0,0,0,0,0,0,,,,
1416324601.98515,pg_catalog,pg_auth_members,0,0,0,0,0,0,0,0,0,0,0,0,0,0,,,,
1416324601.98515,pg_catalog,pg_operator,0,0,359565,1605669,0,0,0,0,0,0,62127,1088120,47223,755628,,,,
1416324601.98515,pg_catalog,pg_aggregate,0,0,24308,24308,0,0,0,0,0,0,4790,19518,9683,33501,,,,
1416324601.98515,pg_catalog,pg_pltemplate,0,0,0,0,0,0,0,0,0,0,0,0,0,0,,,,
1416324601.98515,public,region,2,10,0,0,5,0,0,0,5,0,1,3,0,0,,,,
1416324601.98515,pg_toast,pg_toast_12188,0,0,0,0,0,0,0,0,0,0,0,0,0,0,,,,
1416324601.98515,pg_catalog,pg_description,0,0,6174,0,0,0,0,0,0,0,0,0,2114,11582,0,0,0,0
1416324601.98515,pg_catalog,pg_language,0,0,0,0,0,0,0,0,0,0,0,0,0,0,,,,
1416324601.98515,pg_catalog,pg_ts_parser,0,0,0,0,0,0,0,0,0,0,0,0,0,0,,,,
1416324601.98515,public,orders,4,60000000,0,0,15000000,0,0,0,15000000,0,504554,1558780,0,0,,,,
1416324601.98515,pg_catalog,pg_shseclabel,0,0,0,0,0,0,0,0,0,0,0,0,0,0,,,,
1416324601.98515,pg_catalog,pg_foreign_table,0,0,0,0,0,0,0,0,0,0,0,0,0,0,,,,
1416324601.98515,public,lineitem,7,419902364,0,0,59986052,0,0,0,59986052,0,7299782,3531702,0,0,,,,
1416324601.98515,information_schema,sql_packages,0,0,,,0,0,0,0,0,0,0,0,,,0,0,0,0
1416324601.98515,information_schema,sql_parts,0,0,,,0,0,0,0,0,0,0,0,,,0,0,0,0
1416324601.98515,pg_catalog,pg_attrdef,0,0,0,0,0,0,0,0,0,0,0,0,0,0,0,0,0,0
1416324601.98515,pg_catalog,pg_ts_template,0,0,0,0,0,0,0,0,0,0,0,0,0,0,,,,
1416324601.98515,pg_catalog,pg_foreign_server,0,0,0,0,0,0,0,0,0,0,0,0,0,0,,,,
1416324601.98515,pg_catalog,pg_default_acl,0,0,5432,0,0,0,0,0,0,0,0,0,605,4827,,,,
1416324601.98515,pg_toast,pg_toast_12198,0,0,0,0,0,0,0,0,0,0,0,0,0,0,,,,
1416324601.98515,public,nation,2,50,0,0,25,0,0,0,25,0,1,3,0,0,,,,
1416324601.98515,pg_toast,pg_toast_12208,0,0,0,0,0,0,0,0,0,0,0,0,0,0,,,,
1416324601.98515,pg_catalog,pg_attribute,4752,31536,1373033,2753202,10120,332,9944,296,2420,10,104279,1376824,46073,2808099,,,,
1416324601.98515,pg_catalog,pg_statistic,0,0,322957,263597,2323,5692,2276,5152,550,119,45824,234617,21573,674869,24159,113356,2308,169476
1416324601.98515,pg_toast,pg_toast_12203,0,0,0,0,0,0,0,0,0,0,0,0,0,0,,,,
1416324601.98515,pg_toast,pg_toast_2618,0,0,15924,51704,0,0,0,0,0,0,11067,16751,4203,19781,,,,
1416324601.98515,pg_toast,pg_toast_3596,0,0,0,0,0,0,0,0,0,0,0,0,0,0,,,,
1416324601.98515,public,customer,6,9000000,0,0,1500000,0,0,0,1500000,0,68533,294857,0,0,,,,
1416324601.98515,pg_catalog,pg_depend,0,0,57032,61325,10468,0,10379,0,6289,1049,10278,72755,16860,146031,,,,
1416324601.98515,information_schema,sql_languages,0,0,,,0,0,0,0,0,0,0,0,,,0,0,0,0
1416324601.98515,pg_catalog,pg_opclass,864,864,291051,3147611,0,0,0,0,0,0,13384,1087509,26455,350363,,,,
1416324601.98515,pg_catalog,pg_proc,0,0,586755,864058,0,0,0,0,0,0,80872,588923,73039,1229009,0,0,0,0
1416324601.98515,information_schema,sql_implementation_info,0,0,,,0,0,0,0,0,0,0,0,,,0,0,0,0
1416324601.98515,pg_catalog,pg_trigger,0,0,0,0,0,0,0,0,0,0,0,0,0,0,0,0,0,0
1416324601.98515,pg_catalog,pg_am,60331,60331,0,0,0,0,0,0,0,0,7838,52493,0,0,,,,
1416324601.98515,pg_catalog,pg_largeobject_metadata,0,0,0,0,0,0,0,0,0,0,0,0,0,0,,,,
1416324601.98515,pg_catalog,pg_ts_config_map,0,0,0,0,0,0,0,0,0,0,0,0,0,0,,,,
1416324601.98515,pg_catalog,pg_type,0,0,1185767,1175940,2681,0,2662,0,349,105,25312,1162583,31999,2398427,,,,
1416324601.98515,pg_catalog,pg_shdepend,0,0,7574,1399,0,0,0,0,0,0,643,756,2728,7554,,,,
1416324601.98515,information_schema,sql_sizing,0,0,,,0,0,0,0,0,0,0,0,,,0,0,0,0
1416324601.98515,public,time_statistics,0,0,,,1,0,0,0,1,0,1,0,,,,,,
1416324601.98515,pg_catalog,pg_conversion,0,0,0,0,0,0,0,0,0,0,0,0,0,0,,,,
1416324601.98515,pg_catalog,pg_foreign_data_wrapper,0,0,0,0,0,0,0,0,0,0,0,0,0,0,,,,
1416324601.98515,pg_catalog,pg_opfamily,0,0,0,0,0,0,0,0,0,0,0,0,0,0,,,,
1416324601.98515,pg_catalog,pg_shdescription,0,0,0,0,0,0,0,0,0,0,0,0,0,0,0,0,0,0
1416324601.98515,pg_catalog,pg_tablespace,2,4,43817,43817,0,0,0,0,0,0,6245,37574,12524,75110,,,,
1416324601.98515,pg_catalog,pg_inherits,0,0,1348,0,0,0,0,0,0,0,0,0,658,690,,,,
1416324601.98515,pg_toast,pg_toast_2606,0,0,0,0,0,0,0,0,0,0,0,0,0,0,,,,
1416324601.98515,pg_toast,pg_toast_2964,0,0,0,0,0,0,0,0,0,0,0,0,0,0,,,,
1416324601.98515,pg_catalog,pg_database,11017,43306,244873,244871,1,0,0,0,1,0,8161,247728,36958,333056,,,,
1416324601.98515,pg_toast,pg_toast_2620,0,0,0,0,0,0,0,0,0,0,0,0,0,0,,,,
1416324601.98515,pg_toast,pg_toast_12213,0,0,0,0,0,0,0,0,0,0,0,0,0,0,,,,
1416324601.98515,pg_catalog,pg_amproc,864,1728,223806,332871,0,0,0,0,0,0,9987,210709,26761,479929,,,,
1416324601.98515,pg_catalog,pg_collation,0,0,0,0,0,0,0,0,0,0,0,0,0,0,,,,
1416324601.98515,pg_catalog,pg_constraint,0,0,524,258,266,0,258,0,10,34,152,1489,274,2652,0,0,0,0
1416324601.98515,pg_catalog,pg_range,0,0,9342,0,0,0,0,0,0,0,0,0,7575,11109,,,,
1416324601.98515,pg_catalog,pg_user_mapping,0,0,0,0,0,0,0,0,0,0,0,0,0,0,,,,
1416324601.98515,pg_catalog,pg_largeobject,0,0,0,0,0,0,0,0,0,0,0,0,0,0,,,,
1416324601.98515,pg_catalog,pg_namespace,8339,256104,662092,606575,40,0,0,0,40,0,6836,608179,18447,707006,,,,
1416324601.98515,pg_catalog,pg_authid,4186,4186,111721,111721,0,0,0,0,0,0,7024,108883,26142,197300,,,,
1416324601.98515,pg_toast,pg_toast_12193,0,0,0,0,0,0,0,0,0,0,0,0,0,0,,,,
1416324601.98515,pg_catalog,pg_index,18850,2170035,503558,718836,1253,0,1225,0,136,0,30468,719851,28612,573961,,,,
1416324601.98515,pg_catalog,pg_ts_dict,0,0,0,0,0,0,0,0,0,0,0,0,0,0,,,,
1416324601.98515,information_schema,sql_features,0,0,,,0,0,0,0,0,0,0,0,,,0,0,0,0
1416324601.98515,pg_catalog,pg_class,46530,11532545,2003678,1926415,2611,681,2573,659,324,65,75000,2305894,61284,4055557,,,,
1416324601.98515,pg_toast,pg_toast_12183,0,0,0,0,0,0,0,0,0,0,0,0,0,0,,,,
1416324601.98515,information_schema,sql_sizing_profiles,0,0,,,0,0,0,0,0,0,0,0,,,0,0,0,0
1416324601.98515,pg_toast,pg_toast_2396,0,0,0,0,0,0,0,0,0,0,0,0,0,0,,,,
1416324601.98515,pg_catalog,pg_enum,0,0,0,0,0,0,0,0,0,0,0,0,0,0,,,,
1416324601.98515,public,partsupp,3,24000000,0,0,8000000,0,0,0,8000000,0,340611,954509,0,0,,,,
1416324601.98515,pg_catalog,pg_db_role_setting,0,0,187899,0,0,0,0,0,0,0,0,0,8044,179855,0,0,0,0
1416324601.98515,pg_catalog,pg_seclabel,0,0,6174,0,0,0,0,0,0,0,0,0,659,5515,0,0,0,0
1416324601.98515,pg_toast,pg_toast_2609,0,0,0,0,0,0,0,0,0,0,0,0,0,0,,,,
1416324601.98515,public,supplier,4,400000,0,0,100000,0,0,0,100000,0,2312,15648,0,0,,,,
1416324601.98515,pg_toast,pg_toast_1255,0,0,0,0,0,0,0,0,0,0,0,0,0,0,,,,
1416324601.98515,pg_catalog,pg_rewrite,0,0,31806,29763,681,0,681,0,106,70,13569,21553,5770,48648,11067,16751,4203,19781
1416324601.98515,pg_catalog,pg_ts_config,0,0,0,0,0,0,0,0,0,0,0,0,0,0,,,,
1416324601.98515,pg_catalog,pg_extension,0,0,0,0,0,0,0,0,0,0,0,0,0,0,,,,
1416324601.98515,pg_catalog,pg_amop,0,0,460540,647560,0,0,0,0,0,0,20980,626580,35931,957217,,,,
1416324601.98515,pg_catalog,pg_cast,0,0,1512546,405983,0,0,0,0,0,0,9153,396830,11583,1554946,,,,
1416324601.98515,public,part,6,12000000,0,0,2000000,0,0,0,2000000,0,79007,327715,0,0,,,,
1416324601.98515,pg_toast,pg_toast_2619,0,0,82504,271418,4215,0,4006,0,227,8,24159,113356,2308,169476,,,,
1416324601.98515,pg_toast,pg_toast_2604,0,0,0,0,0,0,0,0,0,0,0,0,0,0,,,,
1416324661.98686,pg_catalog,pg_auth_members,0,0,0,0,0,0,0,0,0,0,0,0,0,0,,,,
1416324661.98686,pg_catalog,pg_operator,0,0,359582,1605686,0,0,0,0,0,0,62127,1088137,47223,755670,,,,
1416324661.98686,pg_catalog,pg_aggregate,0,0,24309,24309,0,0,0,0,0,0,4790,19519,9683,33503,,,,
1416324661.98686,pg_catalog,pg_pltemplate,0,0,0,0,0,0,0,0,0,0,0,0,0,0,,,,
1416324661.98686,public,region,2,10,0,0,5,0,0,0,5,0,1,3,0,0,,,,
1416324661.98686,pg_toast,pg_toast_12188,0,0,0,0,0,0,0,0,0,0,0,0,0,0,,,,
1416324661.98686,pg_catalog,pg_description,0,0,6174,0,0,0,0,0,0,0,0,0,2114,11582,0,0,0,0
1416324661.98686,pg_catalog,pg_language,0,0,0,0,0,0,0,0,0,0,0,0,0,0,,,,
1416324661.98686,pg_catalog,pg_ts_parser,0,0,0,0,0,0,0,0,0,0,0,0,0,0,,,,
1416324661.98686,public,orders,4,60000000,0,0,15000000,0,0,0,15000000,0,504554,1558780,0,0,,,,
1416324661.98686,pg_catalog,pg_shseclabel,0,0,0,0,0,0,0,0,0,0,0,0,0,0,,,,
1416324661.98686,pg_catalog,pg_foreign_table,0,0,0,0,0,0,0,0,0,0,0,0,0,0,,,,
1416324661.98686,public,lineitem,7,419902364,0,0,59986052,0,0,0,59986052,0,7299782,3531702,0,0,,,,
1416324661.98686,information_schema,sql_packages,0,0,,,0,0,0,0,0,0,0,0,,,0,0,0,0
1416324661.98686,information_schema,sql_parts,0,0,,,0,0,0,0,0,0,0,0,,,0,0,0,0
1416324661.98686,pg_catalog,pg_attrdef,0,0,0,0,0,0,0,0,0,0,0,0,0,0,0,0,0,0
1416324661.98686,pg_catalog,pg_ts_template,0,0,0,0,0,0,0,0,0,0,0,0,0,0,,,,
1416324661.98686,pg_catalog,pg_foreign_server,0,0,0,0,0,0,0,0,0,0,0,0,0,0,,,,
1416324661.98686,pg_catalog,pg_default_acl,0,0,5432,0,0,0,0,0,0,0,0,0,605,4827,,,,
1416324661.98686,pg_toast,pg_toast_12198,0,0,0,0,0,0,0,0,0,0,0,0,0,0,,,,
1416324661.98686,public,nation,2,50,0,0,25,0,0,0,25,0,1,3,0,0,,,,
1416324661.98686,pg_toast,pg_toast_12208,0,0,0,0,0,0,0,0,0,0,0,0,0,0,,,,
1416324661.98686,pg_catalog,pg_attribute,4752,31536,1373224,2753516,10120,332,9944,296,2420,10,104279,1377016,46073,2808487,,,,
1416324661.98686,pg_catalog,pg_statistic,0,0,322982,263616,2323,5692,2276,5152,550,119,45824,234636,21573,674924,24159,113359,2308,169485
1416324661.98686,pg_toast,pg_toast_12203,0,0,0,0,0,0,0,0,0,0,0,0,0,0,,,,
1416324661.98686,pg_toast,pg_toast_2618,0,0,15928,51717,0,0,0,0,0,0,11067,16758,4203,19787,,,,
1416324661.98686,pg_toast,pg_toast_3596,0,0,0,0,0,0,0,0,0,0,0,0,0,0,,,,
1416324661.98686,public,customer,6,9000000,0,0,1500000,0,0,0,1500000,0,68533,294857,0,0,,,,
1416324661.98686,pg_catalog,pg_depend,0,0,57032,61325,10468,0,10379,0,6289,1049,10278,72755,16860,146031,,,,
1416324661.98686,information_schema,sql_languages,0,0,,,0,0,0,0,0,0,0,0,,,0,0,0,0
1416324661.98686,pg_catalog,pg_opclass,864,864,291068,3147784,0,0,0,0,0,0,13384,1087565,26455,350389,,,,
1416324661.98686,pg_catalog,pg_proc,0,0,586831,864169,0,0,0,0,0,0,80872,589014,73039,1229176,0,0,0,0
1416324661.98686,information_schema,sql_implementation_info,0,0,,,0,0,0,0,0,0,0,0,,,0,0,0,0
1416324661.98686,pg_catalog,pg_trigger,0,0,0,0,0,0,0,0,0,0,0,0,0,0,0,0,0,0
1416324661.98686,pg_catalog,pg_am,60337,60337,0,0,0,0,0,0,0,0,7838,52499,0,0,,,,
1416324661.98686,pg_catalog,pg_largeobject_metadata,0,0,0,0,0,0,0,0,0,0,0,0,0,0,,,,
1416324661.98686,pg_catalog,pg_ts_config_map,0,0,0,0,0,0,0,0,0,0,0,0,0,0,,,,
1416324661.98686,pg_catalog,pg_type,0,0,1185857,1176030,2681,0,2662,0,349,105,25312,1162673,31999,2398612,,,,
1416324661.98686,pg_catalog,pg_shdepend,0,0,7574,1399,0,0,0,0,0,0,643,756,2728,7554,,,,
1416324661.98686,information_schema,sql_sizing,0,0,,,0,0,0,0,0,0,0,0,,,0,0,0,0
1416324661.98686,public,time_statistics,0,0,,,1,0,0,0,1,0,1,0,,,,,,
1416324661.98686,pg_catalog,pg_conversion,0,0,0,0,0,0,0,0,0,0,0,0,0,0,,,,
1416324661.98686,pg_catalog,pg_foreign_data_wrapper,0,0,0,0,0,0,0,0,0,0,0,0,0,0,,,,
1416324661.98686,pg_catalog,pg_opfamily,0,0,0,0,0,0,0,0,0,0,0,0,0,0,,,,
1416324661.98686,pg_catalog,pg_shdescription,0,0,0,0,0,0,0,0,0,0,0,0,0,0,0,0,0,0
1416324661.98686,pg_catalog,pg_tablespace,2,4,43822,43822,0,0,0,0,0,0,6245,37579,12524,75120,,,,
1416324661.98686,pg_catalog,pg_inherits,0,0,1348,0,0,0,0,0,0,0,0,0,658,690,,,,
1416324661.98686,pg_toast,pg_toast_2606,0,0,0,0,0,0,0,0,0,0,0,0,0,0,,,,
1416324661.98686,pg_toast,pg_toast_2964,0,0,0,0,0,0,0,0,0,0,0,0,0,0,,,,
1416324661.98686,pg_catalog,pg_database,11020,43318,244903,244901,1,0,0,0,1,0,8161,247761,36958,333100,,,,
1416324661.98686,pg_toast,pg_toast_2620,0,0,0,0,0,0,0,0,0,0,0,0,0,0,,,,
1416324661.98686,pg_toast,pg_toast_12213,0,0,0,0,0,0,0,0,0,0,0,0,0,0,,,,
1416324661.98686,pg_catalog,pg_amproc,864,1728,223822,332896,0,0,0,0,0,0,9987,210725,26761,479967,,,,
1416324661.98686,pg_catalog,pg_collation,0,0,0,0,0,0,0,0,0,0,0,0,0,0,,,,
1416324661.98686,pg_catalog,pg_constraint,0,0,524,258,266,0,258,0,10,34,152,1489,274,2652,0,0,0,0
1416324661.98686,pg_catalog,pg_range,0,0,9342,0,0,0,0,0,0,0,0,0,7575,11109,,,,
1416324661.98686,pg_catalog,pg_user_mapping,0,0,0,0,0,0,0,0,0,0,0,0,0,0,,,,
1416324661.98686,pg_catalog,pg_largeobject,0,0,0,0,0,0,0,0,0,0,0,0,0,0,,,,
1416324661.98686,pg_catalog,pg_namespace,8341,256196,662244,606722,40,0,0,0,40,0,6836,608328,18447,707165,,,,
1416324661.98686,pg_catalog,pg_authid,4187,4187,111731,111731,0,0,0,0,0,0,7024,108894,26142,197320,,,,
1416324661.98686,pg_toast,pg_toast_12193,0,0,0,0,0,0,0,0,0,0,0,0,0,0,,,,
1416324661.98686,pg_catalog,pg_index,18854,2170579,503592,718880,1253,0,1225,0,136,0,30468,719905,28612,574006,,,,
1416324661.98686,pg_catalog,pg_ts_dict,0,0,0,0,0,0,0,0,0,0,0,0,0,0,,,,
1416324661.98686,information_schema,sql_features,0,0,,,0,0,0,0,0,0,0,0,,,0,0,0,0
1416324661.98686,pg_catalog,pg_class,46541,11535544,2004010,1926747,2611,681,2573,659,324,65,75000,2306337,61284,4056233,,,,
1416324661.98686,pg_toast,pg_toast_12183,0,0,0,0,0,0,0,0,0,0,0,0,0,0,,,,
1416324661.98686,information_schema,sql_sizing_profiles,0,0,,,0,0,0,0,0,0,0,0,,,0,0,0,0
1416324661.98686,pg_toast,pg_toast_2396,0,0,0,0,0,0,0,0,0,0,0,0,0,0,,,,
1416324661.98686,pg_catalog,pg_enum,0,0,0,0,0,0,0,0,0,0,0,0,0,0,,,,
1416324661.98686,public,partsupp,3,24000000,0,0,8000000,0,0,0,8000000,0,340611,954509,0,0,,,,
1416324661.98686,pg_catalog,pg_db_role_setting,0,0,187920,0,0,0,0,0,0,0,0,0,8044,179876,0,0,0,0
1416324661.98686,pg_catalog,pg_seclabel,0,0,6174,0,0,0,0,0,0,0,0,0,659,5515,0,0,0,0
1416324661.98686,pg_toast,pg_toast_2609,0,0,0,0,0,0,0,0,0,0,0,0,0,0,,,,
1416324661.98686,public,supplier,4,400000,0,0,100000,0,0,0,100000,0,2312,15648,0,0,,,,
1416324661.98686,pg_toast,pg_toast_1255,0,0,0,0,0,0,0,0,0,0,0,0,0,0,,,,
1416324661.98686,pg_catalog,pg_rewrite,0,0,31813,29770,681,0,681,0,106,70,13569,21560,5770,48660,11067,16758,4203,19787
1416324661.98686,pg_catalog,pg_ts_config,0,0,0,0,0,0,0,0,0,0,0,0,0,0,,,,
1416324661.98686,pg_catalog,pg_extension,0,0,0,0,0,0,0,0,0,0,0,0,0,0,,,,
1416324661.98686,pg_catalog,pg_amop,0,0,460573,647601,0,0,0,0,0,0,20980,626621,35931,957291,,,,
1416324661.98686,pg_catalog,pg_cast,0,0,1512614,406011,0,0,0,0,0,0,9153,396858,11583,1555019,,,,
1416324661.98686,public,part,6,12000000,0,0,2000000,0,0,0,2000000,0,79007,327715,0,0,,,,
1416324661.98686,pg_toast,pg_toast_2619,0,0,82507,271424,4215,0,4006,0,227,8,24159,113359,2308,169485,,,,
1416324661.98686,pg_toast,pg_toast_2604,0,0,0,0,0,0,0,0,0,0,0,0,0,0,,,,
